full_name,PR_ID,NumWatchers,NumDays,NumCommits,NumOpenIssues,NumClosedIssues,NumPullReqs,NumContributors
dotCMS/core,32609,924,4997,27374,587,18560,14655,156
apache/pulsar,24542,14965,3431,13831,1215,6112,16841,760
dotCMS/core,32771,924,4997,27374,587,18560,14655,156
dotCMS/core,32561,924,4997,27374,587,18560,14655,156
microsoft/ApplicationInsights-Java,4293,312,4004,5242,54,944,3525,91
microsoft/typespec,7783,5461,1602,4712,995,2944,4897,153
microsoft/typespec,7739,5461,1602,4712,995,2944,4897,153
valkey-io/valkey-glide,4262,637,1232,3728,157,1044,3749,96
microsoft/typespec,7661,5461,1602,4712,995,2944,4897,153
microsoft/typespec,7667,5461,1602,4712,995,2944,4897,153
microsoft/typespec,7779,5461,1602,4712,995,2944,4897,153
microsoft/typespec,7439,5461,1602,4712,995,2944,4897,153
valkey-io/valkey-glide,4456,637,1232,3728,157,1044,3749,96
microsoft/ApplicationInsights-Java,4326,312,4004,5242,54,944,3525,91
microsoft/ApplicationInsights-Java,4252,312,4004,5242,54,944,3525,91
microsoft/ApplicationInsights-Java,4257,312,4004,5242,54,944,3525,91
microsoft/typespec,7801,5461,1602,4712,995,2944,4897,153
valkey-io/valkey-glide,4407,637,1232,3728,157,1044,3749,96
Azure/azure-sdk-for-java,45795,2540,5096,33701,495,11199,35464,797
camunda/camunda,35602,3881,3531,83571,2283,11186,27630,297
microsoft/typespec,7481,5461,1602,4712,994,2945,4897,153
EduMIPS64/edumips64,1360,170,5189,1975,56,218,1147,28
microsoft/typespec,7602,5461,1602,4712,994,2945,4897,153
apolloconfig/apollo,5438,29709,3547,2972,144,3224,1793,202
valkey-io/valkey-glide,4287,637,1232,3728,157,1044,3749,96
valkey-io/valkey-glide,4288,637,1232,3728,157,1044,3749,96
valkey-io/valkey-glide,4289,637,1232,3728,157,1044,3749,96
valkey-io/valkey-glide,4290,637,1232,3728,157,1044,3749,96
microsoft/typespec,7458,5461,1602,4712,994,2945,4897,153
Azure/azure-sdk-for-java,45808,2540,5096,33701,495,11199,35464,797
objectionary/eo,4317,1302,3299,11830,74,1996,2582,88
microsoft/ApplicationInsights-Java,4269,312,4004,5242,54,944,3525,91
camunda/camunda,34932,3881,3531,83571,2283,11186,27630,297
objectionary/eo,4280,1302,3299,11830,74,1996,2582,88
objectionary/eo,4282,1302,3299,11830,74,1996,2582,88
1c-syntax/bsl-language-server,3481,357,2515,7677,408,702,2483,65
EduMIPS64/edumips64,1361,170,5189,1975,56,218,1147,28
camunda/camunda,34576,3881,3531,83571,2283,11186,27630,297
wgzhao/Addax,1321,1368,2317,1951,5,319,1036,33
OWASP/wrongsecrets,2120,1371,1918,6758,24,245,2043,45
microsoft/ApplicationInsights-Java,4262,312,4004,5242,54,944,3525,91
microsoft/ApplicationInsights-Java,4377,312,4004,5242,54,944,3525,91
valkey-io/valkey-glide,4471,637,1232,3728,157,1044,3749,96
microsoft/typespec,7760,5460,1602,4712,994,2945,4897,153
valkey-io/valkey-glide,4481,637,1232,3728,157,1044,3749,96
OWASP/wrongsecrets,2115,1371,1918,6758,24,245,2043,45
camunda/camunda,35374,3881,3531,83571,2283,11186,27630,297
Azure/azure-sdk-for-java,45595,2540,5096,33701,495,11199,35464,797
camunda/camunda,35347,3881,3531,83571,2283,11186,27630,297
W1LDN16H7/JPL,1,114,134,16,1,0,4,3
valkey-io/valkey-glide,4295,637,1232,3728,157,1044,3749,96
camunda/camunda,34581,3881,3531,83571,2283,11186,27630,297
valkey-io/valkey-glide,4462,637,1232,3728,157,1044,3749,96
Azure/azure-sdk-for-java,45797,2540,5096,33701,495,11199,35464,797
Azure/azure-sdk-for-java,45803,2540,5096,33701,495,11199,35464,797
binarywang/WxJava,3646,32182,3605,4111,64,2347,1331,546
binarywang/WxJava,3647,32182,3605,4111,64,2347,1331,546
binarywang/WxJava,3655,32182,3605,4111,64,2347,1331,546
binarywang/WxJava,3658,32182,3605,4111,64,2347,1331,546
valkey-io/valkey-glide,4469,637,1232,3728,157,1044,3749,96
camunda/camunda,34544,3881,3531,83571,2283,11186,27630,297
microsoft/typespec,7644,5460,1602,4712,994,2945,4898,153
microsoft/typespec,7735,5460,1602,4712,994,2945,4898,153
microsoft/typespec,7927,5460,1602,4712,994,2945,4898,153
valkey-io/valkey-glide,4353,637,1232,3728,157,1044,3749,96
microsoft/typespec,7755,5460,1602,4712,994,2945,4898,153
valkey-io/valkey-glide,4324,637,1232,3728,157,1044,3749,96
microsoft/typespec,8008,5460,1602,4712,994,2945,4898,153
wgzhao/dbeaver-agent,22,522,863,44,4,16,7,4
OWASP/wrongsecrets,2117,1371,1918,6758,24,245,2043,45
microsoft/ApplicationInsights-Java,4328,312,4004,5242,54,944,3525,91
microsoft/typespec,7426,5460,1602,4712,994,2945,4898,153
microsoft/typespec,7967,5460,1602,4712,994,2945,4898,153
camunda/camunda,35007,3881,3531,83571,2283,11186,27630,297
EduMIPS64/edumips64,1363,170,5189,1975,56,218,1147,28
EduMIPS64/edumips64,1364,170,5189,1975,56,218,1147,28
valkey-io/valkey-glide,4376,637,1232,3728,157,1044,3749,96
valkey-io/valkey-glide,4377,637,1232,3728,157,1044,3749,96
valkey-io/valkey-glide,4380,637,1232,3728,157,1044,3749,96
valkey-io/valkey-glide,4381,637,1232,3728,157,1044,3749,96
valkey-io/valkey-glide,4384,637,1232,3728,157,1044,3749,96
valkey-io/valkey-glide,4386,637,1232,3728,157,1044,3749,96
OpenHFT/Chronicle-Core,747,619,3921,3993,7,319,508,60
OpenHFT/Chronicle-Core,749,619,3921,3993,7,319,508,60
jdereg/java-util,149,429,4456,2342,2,23,333,22
jdereg/java-util,147,429,4456,2342,2,23,333,22
jdereg/java-util,146,429,4456,2342,2,23,333,22
jdereg/java-util,141,429,4456,2342,2,23,333,22
jdereg/java-util,139,429,4456,2342,2,23,333,22
jdereg/java-util,293,429,4456,2342,2,23,333,22
jdereg/java-util,294,429,4456,2342,2,23,333,22
jdereg/java-util,315,429,4456,2342,2,23,333,22
OpenHFT/Java-Thread-Affinity,152,1880,4443,682,7,68,116,41
OpenHFT/Java-Thread-Affinity,155,1880,4443,682,7,68,116,41
OpenHFT/Chronicle-Core,737,619,3921,3993,7,319,508,60
OpenHFT/Chronicle-Bytes,677,430,3921,3945,2,307,402,45
jdereg/java-util,245,429,4456,2342,2,23,333,22
jdereg/java-util,257,429,4456,2342,2,23,333,22
OpenHFT/Chronicle-Core,755,619,3921,3993,7,319,508,60
OpenHFT/Chronicle-Core,757,619,3921,3993,7,319,508,60
OpenHFT/Chronicle-Core,764,619,3921,3993,7,319,508,60
OpenHFT/Chronicle-Core,782,619,3921,3993,7,319,508,60
OpenHFT/Chronicle-Core,792,619,3921,3993,7,319,508,60
OpenHFT/Chronicle-Core,807,619,3921,3993,7,319,508,60
halilozel1903/AndroidTVMovieParadise,17,190,2180,113,0,6,19,1
halilozel1903/AndroidTVMovieParadise,19,190,2180,113,0,6,19,1
jdereg/json-io,408,341,4459,2447,2,131,293,46
jdereg/json-io,407,341,4459,2447,2,131,293,46
jdereg/json-io,405,341,4459,2447,2,131,293,46
jdereg/json-io,378,341,4459,2447,2,131,293,46
VerisimilitudeX/DNAnalyzer,527,165,1206,1690,0,208,315,54
jdereg/json-io,322,341,4459,2447,2,131,293,46
OpenHFT/Chronicle-Bytes,657,430,3921,3945,2,307,402,45
OpenHFT/Chronicle-Bytes,659,430,3921,3945,2,307,402,45
OpenHFT/Chronicle-Bytes,660,430,3921,3945,2,307,402,45
jdereg/java-util,274,429,4456,2342,2,23,333,22
jdereg/java-util,273,429,4456,2342,2,23,333,22
jdereg/java-util,272,429,4456,2342,2,23,333,22
jdereg/java-util,140,429,4456,2342,2,23,333,22
OpenHFT/Chronicle-Threads,328,189,3921,1786,1,111,224,34
OpenHFT/Chronicle-Wire,997,565,3961,5652,21,420,790,55
OpenHFT/Chronicle-Wire,998,565,3961,5652,21,420,790,55
OpenHFT/Chronicle-Wire,999,565,3961,5652,21,420,790,55
halilozel1903/AndroidTVMovieParadise,13,190,2180,113,0,6,19,1
jdereg/java-util,204,429,4456,2342,2,23,333,22
jdereg/java-util,207,429,4456,2342,2,23,333,22
OpenHFT/Java-Thread-Affinity,168,1880,4443,682,7,68,116,41
OpenHFT/Java-Thread-Affinity,173,1880,4443,682,7,68,116,41
jdereg/java-util,208,429,4456,2342,2,23,333,22
jdereg/java-util,209,429,4456,2342,2,23,333,22
jdereg/java-util,210,429,4456,2342,2,23,333,22
jdereg/java-util,211,429,4456,2342,2,23,333,22
jdereg/java-util,212,429,4456,2342,2,23,333,22
jdereg/java-util,213,429,4456,2342,2,23,333,22
jdereg/java-util,215,429,4456,2342,2,23,333,22
jdereg/java-util,246,429,4456,2342,2,23,333,22
jdereg/java-util,247,429,4456,2342,2,23,333,22
jdereg/java-util,248,429,4456,2342,2,23,333,22
jdereg/java-util,249,429,4456,2342,2,23,333,22
jdereg/java-util,254,429,4456,2342,2,23,333,22
OpenHFT/Chronicle-Values,159,111,3921,557,1,26,138,29
Camelcade/Perl5-IDEA,3002,416,3874,8126,969,1739,370,26
jdereg/java-util,348,429,4456,2342,2,23,333,22
jdereg/java-util,349,429,4456,2342,2,23,333,22
jdereg/java-util,350,429,4456,2342,2,23,333,22
jdereg/java-util,351,429,4456,2342,2,23,333,22
jdereg/java-util,152,429,4456,2342,2,23,333,22
OpenHFT/Chronicle-Threads,275,189,3921,1786,1,111,224,34
OpenHFT/Chronicle-Threads,282,189,3921,1786,1,111,224,34
jdereg/java-util,360,429,4456,2342,2,23,333,22
jdereg/java-util,270,429,4456,2342,2,23,333,22
OpenHFT/Java-Thread-Affinity,139,1880,4443,682,7,68,116,41
OpenHFT/Java-Thread-Affinity,141,1880,4443,682,7,68,116,41
OpenHFT/Java-Thread-Affinity,150,1880,4443,682,7,68,116,41
jdereg/json-io,418,341,4459,2447,2,131,293,46
OpenHFT/Chronicle-Threads,277,189,3921,1786,1,111,224,34
OpenHFT/Chronicle-Threads,280,189,3921,1786,1,111,224,34
Camelcade/Perl5-IDEA,3004,416,3874,8126,969,1739,370,26
Stirling-Tools/Stirling-PDF,3557,70064,1027,4170,352,1116,3245,275
OpenHFT/Chronicle-Wire,1100,565,3961,5652,21,420,790,55
jdereg/java-util,277,429,4456,2342,2,23,333,22
traccar/traccar,5570,6661,4965,9400,395,4175,1114,229
OpenHFT/Java-Thread-Affinity,167,1880,4443,682,7,68,116,41
OpenHFT/Java-Thread-Affinity,169,1880,4443,682,7,68,116,41
OpenHFT/Chronicle-Values,92,111,3921,557,1,26,138,29
OpenHFT/Chronicle-Values,104,111,3921,557,1,26,138,29
OpenHFT/Chronicle-Values,109,111,3921,557,1,26,138,29
OpenHFT/Chronicle-Values,123,111,3921,557,1,26,138,29
OpenHFT/Chronicle-Values,135,111,3921,557,1,26,138,29
OpenHFT/Chronicle-Values,136,111,3921,557,1,26,138,29
OpenHFT/Chronicle-Values,138,111,3921,557,1,26,138,29
OpenHFT/Chronicle-Values,142,111,3921,557,1,26,138,29
OpenHFT/Chronicle-Values,144,111,3921,557,1,26,138,29
OpenHFT/Chronicle-Values,148,111,3921,557,1,26,138,29
OpenHFT/Chronicle-Values,150,111,3921,557,1,26,138,29
OpenHFT/Chronicle-Values,153,111,3921,557,1,26,138,29
jdereg/json-io,325,341,4459,2447,2,131,293,46
jdereg/json-io,328,341,4459,2447,2,131,293,46
jdereg/json-io,332,341,4459,2447,2,131,293,46
USS-Shenzhou/MadParticle,18,211,1184,352,0,9,12,4
halilozel1903/AndroidTVMovieParadise,8,190,2180,113,0,6,19,1
halilozel1903/AndroidTVMovieParadise,21,190,2180,113,0,6,19,1
jdereg/java-util,317,429,4456,2342,2,23,333,22
jdereg/java-util,318,429,4456,2342,2,23,333,22
jdereg/java-util,319,429,4456,2342,2,23,333,22
jdereg/java-util,320,429,4456,2342,2,23,333,22
VerisimilitudeX/DNAnalyzer,524,165,1206,1690,0,208,315,54
VerisimilitudeX/DNAnalyzer,525,165,1206,1690,0,208,315,54
jdereg/json-io,409,341,4459,2447,2,131,293,46
jdereg/java-util,225,429,4456,2342,2,23,333,22
OpenHFT/Java-Thread-Affinity,140,1880,4443,682,7,68,116,41
OpenHFT/Java-Thread-Affinity,148,1880,4443,682,7,68,116,41
OpenHFT/Chronicle-Wire,1096,565,3961,5652,21,420,790,55
VerisimilitudeX/DNAnalyzer,502,165,1207,1690,0,208,315,54
VerisimilitudeX/DNAnalyzer,506,165,1207,1690,0,208,315,54
SimonHalvdansson/Harmonic-HN,212,831,911,650,46,119,94,32
jdereg/json-io,330,341,4459,2447,2,131,293,46
jdereg/json-io,331,341,4459,2447,2,131,293,46
jdereg/json-io,333,341,4459,2447,2,131,293,46
jdereg/json-io,336,341,4459,2447,2,131,293,46
OpenHFT/Chronicle-Logger,144,231,4135,826,1,32,167,30
OpenHFT/Chronicle-Logger,145,231,4135,826,1,32,167,30
OpenHFT/Chronicle-Logger,147,231,4135,826,1,32,167,30
OpenHFT/Chronicle-Logger,149,231,4135,826,1,32,167,30
OpenHFT/Chronicle-Logger,154,231,4135,826,1,32,167,30
OpenHFT/Chronicle-Logger,157,231,4135,826,1,32,167,30
OpenHFT/Chronicle-Logger,159,231,4135,826,1,32,167,30
OpenHFT/Chronicle-Logger,160,231,4135,826,1,32,167,30
OpenHFT/Chronicle-Logger,166,231,4135,826,1,32,167,30
OpenHFT/Chronicle-Logger,170,231,4135,826,1,32,167,30
OpenHFT/Chronicle-Logger,171,231,4135,826,1,32,167,30
OpenHFT/Chronicle-Logger,172,231,4135,826,1,32,167,30
OpenHFT/Chronicle-Logger,173,231,4135,826,1,32,167,30
OpenHFT/Chronicle-Logger,174,231,4135,826,1,32,167,30
OpenHFT/Chronicle-Logger,175,231,4135,826,1,32,167,30
OpenHFT/Chronicle-Logger,177,231,4135,826,1,32,167,30
OpenHFT/Chronicle-Logger,178,231,4135,826,1,32,167,30
OpenHFT/Chronicle-Logger,181,231,4135,826,1,32,167,30
OpenHFT/Chronicle-Logger,185,231,4135,826,1,32,167,30
OpenHFT/Chronicle-Logger,189,231,4135,826,1,32,167,30
OpenHFT/Chronicle-Wire,1122,565,3961,5652,21,420,790,55
OpenHFT/Chronicle-Wire,1123,565,3961,5652,21,420,790,55
OpenHFT/Chronicle-Wire,1124,565,3961,5652,21,420,790,55
OpenHFT/Chronicle-Wire,1125,565,3961,5652,21,420,790,55
OpenHFT/Chronicle-Wire,1126,565,3961,5652,21,420,790,55
OpenHFT/Chronicle-Wire,1127,565,3961,5652,21,420,790,55
OpenHFT/Chronicle-Wire,1128,565,3961,5652,21,420,790,55
OpenHFT/Chronicle-Wire,1129,565,3961,5652,21,420,790,55
OpenHFT/Chronicle-Wire,1130,565,3961,5652,21,420,790,55
OpenHFT/Chronicle-Wire,1132,565,3961,5652,21,420,790,55
OpenHFT/Chronicle-Wire,1133,565,3961,5652,21,420,790,55
OpenHFT/Chronicle-Wire,1134,565,3961,5652,21,420,790,55
OpenHFT/Chronicle-Wire,1135,565,3961,5652,21,420,790,55
jdereg/json-io,318,341,4459,2447,2,131,293,46
jdereg/json-io,317,341,4459,2447,2,131,293,46
JetBrains/psiviewer,106,202,5348,226,13,33,70,11
jdereg/java-util,292,429,4456,2342,2,23,333,22
jdereg/java-util,299,429,4456,2342,2,23,333,22
jdereg/java-util,300,429,4456,2342,2,23,333,22
jdereg/java-util,302,429,4456,2342,2,23,333,22
jdereg/java-util,303,429,4456,2342,2,23,333,22
OpenHFT/Chronicle-Logger,142,231,4135,826,1,32,167,30
OpenHFT/Chronicle-Threads,312,189,3921,1786,1,111,224,34
OpenHFT/Chronicle-Threads,313,189,3921,1786,1,111,224,34
OpenHFT/Chronicle-Threads,314,189,3921,1786,1,111,224,34
OpenHFT/Chronicle-Threads,315,189,3921,1786,1,111,224,34
OpenHFT/Chronicle-Threads,316,189,3921,1786,1,111,224,34
OpenHFT/Chronicle-Threads,317,189,3921,1786,1,111,224,34
OpenHFT/Chronicle-Threads,318,189,3921,1786,1,111,224,34
OpenHFT/Chronicle-Threads,319,189,3921,1786,1,111,224,34
OpenHFT/Chronicle-Threads,320,189,3921,1786,1,111,224,34
OpenHFT/Chronicle-Threads,321,189,3921,1786,1,111,224,34
OpenHFT/Chronicle-Threads,322,189,3921,1786,1,111,224,34
OpenHFT/Chronicle-Threads,323,189,3921,1786,1,111,224,34
OpenHFT/Chronicle-Threads,324,189,3921,1786,1,111,224,34
OpenHFT/Chronicle-Threads,325,189,3921,1786,1,111,224,34
plantuml/plantuml,2210,12292,5494,2451,567,858,812,112
jdereg/json-io,414,341,4459,2447,2,131,293,46
jdereg/json-io,416,341,4459,2447,2,131,293,46
jdereg/java-util,153,429,4456,2342,2,23,333,22
apache/pinot,16030,5959,4202,14324,1483,1712,14001,448
jdereg/java-util,335,429,4456,2342,2,23,333,22
jdereg/java-util,336,429,4456,2342,2,23,333,22
jdereg/java-util,120,429,4456,2342,2,23,333,22
jdereg/java-util,123,429,4456,2342,2,23,333,22
jdereg/java-util,126,429,4456,2342,2,23,333,22
jdereg/java-util,129,429,4456,2342,2,23,333,22
DataDog/dd-trace-java,8984,675,3131,16135,236,576,9178,247
jdereg/java-util,159,429,4456,2342,2,23,333,22
jdereg/java-util,161,429,4456,2342,2,23,333,22
jdereg/java-util,165,429,4456,2342,2,23,333,22
jdereg/java-util,170,429,4456,2342,2,23,333,22
jdereg/java-util,171,429,4456,2342,2,23,333,22
jdereg/java-util,172,429,4456,2342,2,23,333,22
jdereg/java-util,173,429,4456,2342,2,23,333,22
jdereg/java-util,134,429,4456,2342,2,23,333,22
jdereg/json-io,316,341,4459,2447,2,131,293,46
jdereg/java-util,174,429,4456,2342,2,23,333,22
jdereg/json-io,402,341,4459,2447,2,131,293,46
jdereg/json-io,403,341,4459,2447,2,131,293,46
jdereg/java-util,343,429,4456,2342,2,23,333,22
jdereg/java-util,163,429,4456,2342,2,23,333,22
halilozel1903/AndroidTVMovieParadise,18,190,2180,113,0,6,19,1
halilozel1903/AndroidTVMovieParadise,25,190,2180,113,0,6,19,1
jdereg/java-util,167,429,4456,2342,2,23,333,22
jdereg/java-util,345,429,4456,2342,2,23,333,22
jdereg/json-io,334,341,4459,2447,2,131,293,46
jdereg/json-io,335,341,4459,2447,2,131,293,46
jdereg/json-io,337,341,4459,2447,2,131,293,46
jdereg/json-io,338,341,4459,2447,2,131,293,46
jdereg/json-io,341,341,4459,2447,2,131,293,46
jdereg/json-io,342,341,4459,2447,2,131,293,46
jdereg/json-io,343,341,4459,2447,2,131,293,46
jdereg/json-io,344,341,4459,2447,2,131,293,46
jdereg/json-io,345,341,4459,2447,2,131,293,46
jdereg/json-io,346,341,4459,2447,2,131,293,46
jdereg/json-io,359,341,4459,2447,2,131,293,46
jdereg/json-io,360,341,4459,2447,2,131,293,46
jdereg/java-util,224,429,4456,2342,2,23,333,22
jdereg/java-util,222,429,4456,2342,2,23,333,22
jdereg/java-util,223,429,4456,2342,2,23,333,22
jdereg/java-util,226,429,4456,2342,2,23,333,22
jdereg/java-util,227,429,4456,2342,2,23,333,22
jdereg/java-util,228,429,4456,2342,2,23,333,22
jdereg/java-util,229,429,4456,2342,2,23,333,22
jdereg/java-util,231,429,4456,2342,2,23,333,22
jdereg/java-util,232,429,4456,2342,2,23,333,22
jdereg/java-util,233,429,4456,2342,2,23,333,22
jdereg/java-util,234,429,4456,2342,2,23,333,22
jdereg/java-util,235,429,4456,2342,2,23,333,22
jdereg/java-util,236,429,4456,2342,2,23,333,22
jdereg/java-util,239,429,4456,2342,2,23,333,22
jdereg/java-util,240,429,4456,2342,2,23,333,22
jdereg/java-util,241,429,4456,2342,2,23,333,22
jdereg/java-util,242,429,4456,2342,2,23,333,22
jdereg/java-util,243,429,4456,2342,2,23,333,22
jdereg/json-io,313,341,4459,2447,2,131,293,46
Camelcade/Perl5-IDEA,3003,416,3874,8126,969,1739,370,26
jdereg/java-util,337,429,4456,2342,2,23,333,22
OpenHFT/Chronicle-Wire,1097,565,3961,5652,21,420,790,55
OpenHFT/Chronicle-Wire,1098,565,3961,5652,21,420,790,55
OpenHFT/Chronicle-Wire,1099,565,3961,5652,21,420,790,55
jdereg/json-io,339,341,4459,2447,2,131,293,46
jdereg/json-io,340,341,4459,2447,2,131,293,46
jdereg/json-io,348,341,4459,2447,2,131,293,46
jdereg/json-io,349,341,4459,2447,2,131,293,46
jdereg/json-io,350,341,4459,2447,2,131,293,46
jdereg/json-io,351,341,4459,2447,2,131,293,46
jdereg/json-io,352,341,4459,2447,2,131,293,46
OpenHFT/Java-Thread-Affinity,138,1880,4443,682,7,68,116,41
OpenHFT/Java-Thread-Affinity,142,1880,4443,682,7,68,116,41
OpenHFT/Chronicle-Bytes,682,430,3921,3945,2,307,402,45
OpenHFT/Chronicle-Bytes,683,430,3921,3945,2,307,402,45
OpenHFT/Chronicle-Bytes,684,430,3921,3945,2,307,402,45
OpenHFT/Chronicle-Bytes,685,430,3921,3945,2,307,402,45
OpenHFT/Chronicle-Bytes,687,430,3921,3945,2,307,402,45
SimonHalvdansson/Harmonic-HN,216,831,911,650,46,119,94,32
operaton/operaton,911,277,400,22143,49,392,1175,413
jdereg/java-util,252,429,4456,2342,2,23,333,22
jdereg/java-util,253,429,4456,2342,2,23,333,22
jdereg/java-util,255,429,4456,2342,2,23,333,22
jdereg/java-util,256,429,4456,2342,2,23,333,22
jdereg/java-util,258,429,4456,2342,2,23,333,22
halilozel1903/AndroidTVMovieParadise,23,190,2180,113,0,6,19,1
halilozel1903/AndroidTVMovieParadise,24,190,2180,113,0,6,19,1
OpenHFT/Chronicle-Threads,279,189,3921,1786,1,111,224,34
OpenHFT/Chronicle-Threads,281,189,3921,1786,1,111,224,34
OpenHFT/Chronicle-Threads,283,189,3921,1786,1,111,224,34
OpenHFT/Chronicle-Threads,287,189,3921,1786,1,111,224,34
OpenHFT/Chronicle-Threads,295,189,3921,1786,1,111,224,34
OpenHFT/Chronicle-Threads,298,189,3921,1786,1,111,224,34
OpenHFT/Chronicle-Threads,299,189,3921,1786,1,111,224,34
OpenHFT/Chronicle-Threads,300,189,3921,1786,1,111,224,34
OpenHFT/Chronicle-Threads,301,189,3921,1786,1,111,224,34
OpenHFT/Chronicle-Threads,302,189,3921,1786,1,111,224,34
OpenHFT/Chronicle-Threads,303,189,3921,1786,1,111,224,34
OpenHFT/Chronicle-Threads,304,189,3921,1786,1,111,224,34
OpenHFT/Chronicle-Threads,305,189,3921,1786,1,111,224,34
OpenHFT/Chronicle-Threads,306,189,3921,1786,1,111,224,34
OpenHFT/Chronicle-Threads,307,189,3921,1786,1,111,224,34
OpenHFT/Chronicle-Threads,308,189,3921,1786,1,111,224,34
OpenHFT/Chronicle-Threads,309,189,3921,1786,1,111,224,34
OpenHFT/Chronicle-Threads,310,189,3921,1786,1,111,224,34
OpenHFT/Chronicle-Threads,311,189,3921,1786,1,111,224,34
OpenHFT/Java-Thread-Affinity,149,1880,4443,682,7,68,116,41
VerisimilitudeX/DNAnalyzer,535,165,1207,1690,0,208,315,54
jdereg/java-util,304,429,4456,2342,2,23,333,22
jdereg/java-util,306,429,4456,2342,2,23,333,22
jdereg/java-util,310,429,4456,2342,2,23,333,22
jdereg/java-util,311,429,4456,2342,2,23,333,22
jdereg/java-util,312,429,4456,2342,2,23,333,22
jdereg/java-util,313,429,4456,2342,2,23,333,22
jdereg/java-util,314,429,4456,2342,2,23,333,22
jdereg/java-util,316,429,4456,2342,2,23,333,22
SimonHalvdansson/Harmonic-HN,220,831,911,650,46,119,94,32
OpenHFT/Java-Thread-Affinity,151,1880,4443,682,7,68,116,41
jdereg/json-io,311,341,4459,2447,2,131,293,46
OpenHFT/Java-Thread-Affinity,143,1880,4443,682,7,68,116,41
OpenHFT/Java-Thread-Affinity,156,1880,4443,682,7,68,116,41
OpenHFT/Java-Thread-Affinity,161,1880,4443,682,7,68,116,41
jdereg/json-io,394,341,4459,2447,2,131,293,46
jdereg/json-io,398,341,4459,2447,2,131,293,46
OpenHFT/Chronicle-Values,125,111,3921,557,1,26,138,29
OpenHFT/Chronicle-Values,130,111,3921,557,1,26,138,29
OpenHFT/Chronicle-Values,133,111,3921,557,1,26,138,29
OpenHFT/Chronicle-Values,140,111,3921,557,1,26,138,29
OpenHFT/Chronicle-Values,146,111,3921,557,1,26,138,29
OpenHFT/Chronicle-Values,149,111,3921,557,1,26,138,29
OpenHFT/Chronicle-Values,154,111,3921,557,1,26,138,29
OpenHFT/Java-Runtime-Compiler,149,692,4440,347,5,52,106,37
OpenHFT/Java-Runtime-Compiler,153,692,4440,347,5,52,106,37
OpenHFT/Java-Runtime-Compiler,158,692,4440,347,5,52,106,37
jdereg/java-util,260,429,4456,2342,2,23,333,22
xpinjection/test-driven-spring-boot,11,111,3053,176,0,0,16,4
OpenHFT/Chronicle-Values,139,111,3921,557,1,26,138,29
jdereg/json-io,411,341,4459,2447,2,131,293,46
jdereg/java-util,329,429,4456,2342,2,23,333,22
jdereg/java-util,333,429,4456,2342,2,23,333,22
OpenHFT/Chronicle-Values,62,111,3921,557,1,26,138,29
OpenHFT/Chronicle-Values,72,111,3921,557,1,26,138,29
OpenHFT/Chronicle-Values,76,111,3921,557,1,26,138,29
OpenHFT/Chronicle-Values,78,111,3921,557,1,26,138,29
jdereg/java-util,175,429,4456,2342,2,23,333,22
jdereg/java-util,176,429,4456,2342,2,23,333,22
jdereg/java-util,179,429,4456,2342,2,23,333,22
jdereg/java-util,181,429,4456,2342,2,23,333,22
jdereg/java-util,182,429,4456,2342,2,23,333,22
jdereg/java-util,183,429,4456,2342,2,23,333,22
jdereg/java-util,184,429,4456,2342,2,23,333,22
jdereg/java-util,185,429,4456,2342,2,23,333,22
freeplane/freeplane,2537,3664,4815,18367,405,972,173,412
jdereg/java-util,326,429,4456,2342,2,23,333,22
jdereg/json-io,314,341,4459,2447,2,131,293,46
jdereg/java-util,127,429,4456,2342,2,23,333,22
OpenHFT/Java-Runtime-Compiler,160,692,4440,347,5,52,106,37
OpenHFT/Chronicle-Values,156,111,3921,557,1,26,138,29
OpenHFT/Chronicle-Values,157,111,3921,557,1,26,138,29
OpenHFT/Chronicle-Core,768,619,3921,3993,7,319,508,60
OpenHFT/Chronicle-Core,774,619,3921,3993,7,319,508,60
OpenHFT/Chronicle-Core,799,619,3921,3993,7,319,508,60
jdereg/java-util,133,429,4456,2342,2,23,0,22
jdereg/java-util,195,429,4456,2342,2,23,0,22
jdereg/java-util,196,429,4456,2342,2,23,0,22
jdereg/java-util,197,429,4456,2342,2,23,333,22
OpenHFT/Chronicle-Bytes,678,430,3921,3945,2,307,402,45
OpenHFT/Chronicle-Bytes,680,430,3921,3945,2,307,402,45
OpenHFT/Chronicle-Wire,1101,565,3961,5652,21,420,790,55
OpenHFT/Chronicle-Wire,1102,565,3961,5652,21,420,790,55
OpenHFT/Chronicle-Wire,1103,565,3961,5652,21,420,790,55
OpenHFT/Chronicle-Wire,1104,565,3961,5652,21,420,790,55
OpenHFT/Chronicle-Wire,1105,565,3961,5652,21,420,790,55
OpenHFT/Chronicle-Wire,1106,565,3961,5652,21,420,790,55
OpenHFT/Chronicle-Wire,1107,565,3961,5652,21,420,790,55
OpenHFT/Chronicle-Wire,1108,565,3961,5652,21,420,790,55
OpenHFT/Chronicle-Wire,1110,565,3961,5652,21,420,790,55
OpenHFT/Chronicle-Wire,1111,565,3961,5652,21,420,790,55
OpenHFT/Chronicle-Wire,1112,565,3961,5652,21,420,790,55
OpenHFT/Chronicle-Wire,1113,565,3961,5652,21,420,790,55
OpenHFT/Chronicle-Wire,1114,565,3961,5652,21,420,790,55
OpenHFT/Chronicle-Wire,1115,565,3961,5652,21,420,790,55
OpenHFT/Chronicle-Wire,1116,565,3961,5652,21,420,790,55
OpenHFT/Chronicle-Wire,1117,565,3961,5652,21,420,790,55
OpenHFT/Chronicle-Wire,1118,565,3961,5652,21,420,790,55
OpenHFT/Chronicle-Wire,1119,565,3961,5652,21,420,790,55
OpenHFT/Chronicle-Wire,1120,565,3961,5652,21,420,790,55
OpenHFT/Chronicle-Bytes,663,430,3921,3945,2,307,402,45
OpenHFT/Chronicle-Bytes,664,430,3921,3945,2,307,402,45
OpenHFT/Chronicle-Bytes,666,430,3921,3945,2,307,402,45
OpenHFT/Chronicle-Bytes,667,430,3921,3945,2,307,402,45
OpenHFT/Chronicle-Bytes,668,430,3921,3945,2,307,402,45
OpenHFT/Chronicle-Bytes,670,430,3921,3945,2,307,402,45
OpenHFT/Chronicle-Bytes,671,430,3921,3945,2,307,402,45
OpenHFT/Chronicle-Bytes,672,430,3921,3945,2,307,402,45
OpenHFT/Chronicle-Bytes,673,430,3921,3945,2,307,402,45
OpenHFT/Chronicle-Bytes,675,430,3921,3945,2,307,402,45
DataDog/dd-trace-java,8985,675,3131,16136,236,576,9178,247
Camelcade/Perl5-IDEA,3005,416,3874,8127,969,1739,371,26
VerisimilitudeX/DNAnalyzer,529,165,1207,1690,0,208,315,54
jdereg/java-util,269,429,4456,2342,2,23,333,22
Stirling-Tools/Stirling-PDF,3989,70073,1027,4170,352,1116,3245,275
OpenHFT/Chronicle-Wire,1185,565,3961,5652,21,420,790,55
OpenHFT/Chronicle-Wire,1186,565,3961,5652,21,420,790,55
OpenHFT/Chronicle-Wire,1187,565,3961,5652,21,420,790,55
OpenHFT/Chronicle-Wire,1188,565,3961,5652,21,420,790,55
OpenHFT/Chronicle-Wire,1189,565,3961,5652,21,420,790,55
OpenHFT/Chronicle-Wire,1190,565,3961,5652,21,420,790,55
OpenHFT/Chronicle-Wire,1191,565,3961,5652,21,420,790,55
OpenHFT/Chronicle-Wire,1192,565,3961,5652,21,420,790,55
OpenHFT/Chronicle-Wire,1193,565,3961,5652,21,420,790,55
OpenHFT/Chronicle-Wire,1194,565,3961,5652,21,420,790,55
OpenHFT/Chronicle-Threads,276,189,3921,1786,1,111,224,34
OpenHFT/Chronicle-Threads,278,189,3921,1786,1,111,224,34
OpenHFT/Chronicle-Threads,284,189,3921,1786,1,111,224,34
OpenHFT/Chronicle-Threads,285,189,3921,1786,1,111,224,34
OpenHFT/Chronicle-Threads,286,189,3921,1786,1,111,224,34
OpenHFT/Chronicle-Threads,289,189,3921,1786,1,111,224,34
OpenHFT/Chronicle-Threads,290,189,3921,1786,1,111,224,34
OpenHFT/Chronicle-Threads,293,189,3921,1786,1,111,224,34
OpenHFT/Chronicle-Threads,294,189,3921,1786,1,111,224,34
OpenHFT/Chronicle-Threads,296,189,3921,1786,1,111,224,34
OpenHFT/Chronicle-Threads,297,189,3921,1786,1,111,224,34
jdereg/java-util,289,429,4456,2342,2,23,333,22
halilozel1903/AndroidTVMovieParadise,20,190,2180,113,0,6,19,1
jdereg/java-util,200,429,4456,2342,2,23,333,22
OpenHFT/Chronicle-Values,141,111,3921,557,1,26,138,29
OpenHFT/Chronicle-Values,147,111,3921,557,1,26,138,29
JetBrains/psiviewer,104,202,5348,226,13,33,71,11
jdereg/java-util,342,429,4456,2342,2,23,333,22
OpenHFT/Java-Thread-Affinity,147,1880,4443,682,7,68,116,41
VerisimilitudeX/DNAnalyzer,534,165,1207,1690,0,208,315,54
VerisimilitudeX/DNAnalyzer,539,165,1207,1690,0,208,315,54
jdereg/json-io,326,341,4459,2447,2,131,293,46
SimonHalvdansson/Harmonic-HN,217,831,911,650,46,119,94,32
operaton/operaton,891,277,400,22145,49,392,1176,413
jdereg/java-util,279,429,4456,2342,2,23,333,22
jdereg/java-util,284,429,4456,2342,2,23,333,22
VerisimilitudeX/DNAnalyzer,530,165,1207,1690,0,208,315,54
jdereg/java-util,275,429,4456,2342,2,23,333,22
OpenHFT/Chronicle-Core,791,619,3921,3993,7,319,508,60
jdereg/java-util,285,429,4456,2342,2,23,333,22
jdereg/java-util,287,429,4456,2342,2,23,333,22
xpinjection/test-driven-spring-boot,13,111,3053,176,0,0,16,4
jdereg/java-util,355,429,4456,2342,2,23,333,22
VerisimilitudeX/DNAnalyzer,500,165,1207,1690,0,208,315,54
cwuom/ono,3,160,311,127,4,6,16,2
jdereg/java-util,268,429,4456,2342,2,23,333,22
jdereg/java-util,267,429,4456,2342,2,23,333,22
OpenHFT/Chronicle-Core,790,619,3921,3993,7,319,508,60
jdereg/json-io,413,341,4459,2447,2,131,293,46
apache/pinot,16078,5959,4202,14324,1483,1712,14002,448
OpenHFT/Chronicle-Core,815,619,3921,3993,7,319,508,60
jdereg/json-io,309,341,4459,2447,2,131,293,46
SimonHalvdansson/Harmonic-HN,219,831,911,650,46,119,94,32
traccar/traccar,5557,6662,4965,9401,395,4175,1114,229
halilozel1903/AndroidTVMovieParadise,9,190,2180,113,0,6,19,1
halilozel1903/AndroidTVMovieParadise,11,190,2180,113,0,6,19,1
halilozel1903/AndroidTVMovieParadise,12,190,2180,113,0,6,19,1
halilozel1903/AndroidTVMovieParadise,15,190,2180,113,0,6,19,1
halilozel1903/AndroidTVMovieParadise,16,190,2180,113,0,6,19,1
jdereg/java-util,332,429,4456,2342,2,23,333,22
OpenHFT/Chronicle-Values,69,111,3921,557,1,26,138,29
halilozel1903/AndroidTVMovieParadise,22,190,2180,113,0,6,19,1
jdereg/java-util,121,429,4456,2342,2,23,333,22
jdereg/java-util,262,429,4456,2342,2,23,333,22
jdereg/java-util,264,429,4456,2342,2,23,333,22
jdereg/json-io,384,341,4459,2447,2,131,293,46
jdereg/json-io,385,341,4459,2447,2,131,293,46
jdereg/json-io,386,341,4459,2447,2,131,293,46
jdereg/json-io,387,341,4459,2447,2,131,293,46
jdereg/json-io,388,341,4459,2447,2,131,293,46
jdereg/json-io,389,341,4459,2447,2,131,293,46
OpenHFT/Java-Thread-Affinity,145,1880,4443,682,7,68,116,41
VerisimilitudeX/DNAnalyzer,509,165,1207,1690,0,208,315,54
VerisimilitudeX/DNAnalyzer,511,165,1207,1690,0,208,315,54
VerisimilitudeX/DNAnalyzer,513,165,1207,1690,0,208,315,54
jdereg/java-util,352,429,4456,2342,2,23,333,22
operaton/operaton,903,277,400,22145,49,392,1176,413
SimonHalvdansson/Harmonic-HN,218,831,911,650,46,119,94,32
jdereg/java-util,203,429,4456,2342,2,23,333,22
jdereg/java-util,205,429,4456,2342,2,23,333,22
xpinjection/test-driven-spring-boot,16,111,3053,176,0,0,16,4
jdereg/java-util,331,429,4456,2342,2,23,333,22
OpenHFT/Chronicle-Core,740,619,3921,3993,7,319,508,60
OpenHFT/Chronicle-Core,745,619,3921,3993,7,319,508,60
VerisimilitudeX/DNAnalyzer,520,165,1207,1690,0,208,315,54
jdereg/java-util,131,429,4456,2342,2,23,333,22
jdereg/java-util,132,429,4456,2342,2,23,333,22
OpenHFT/Chronicle-Values,155,111,3921,557,1,26,138,29
OpenHFT/Chronicle-Values,158,111,3921,557,1,26,138,29
jdereg/java-util,344,429,4456,2342,2,23,333,22
JetBrains/psiviewer,105,202,5349,226,13,33,71,11
OpenHFT/Chronicle-Wire,1136,565,3961,5652,21,420,790,55
OpenHFT/Chronicle-Wire,1137,565,3961,5652,21,420,790,55
OpenHFT/Chronicle-Wire,1142,565,3961,5652,21,420,790,55
OpenHFT/Chronicle-Wire,1144,565,3961,5652,21,420,790,55
OpenHFT/Chronicle-Wire,1145,565,3961,5652,21,420,790,55
OpenHFT/Chronicle-Wire,1146,565,3961,5652,21,420,790,55
OpenHFT/Chronicle-Wire,1147,565,3961,5652,21,420,790,55
OpenHFT/Chronicle-Wire,1148,565,3961,5652,21,420,790,55
OpenHFT/Chronicle-Wire,1149,565,3961,5652,21,420,790,55
OpenHFT/Chronicle-Wire,1150,565,3961,5652,21,420,790,55
OpenHFT/Chronicle-Wire,1151,565,3961,5652,21,420,790,55
OpenHFT/Chronicle-Wire,1152,565,3961,5652,21,420,790,55
OpenHFT/Chronicle-Wire,1153,565,3961,5652,21,420,790,55
OpenHFT/Chronicle-Wire,1154,565,3961,5652,21,420,790,55
OpenHFT/Chronicle-Wire,1155,565,3961,5652,21,420,790,55
OpenHFT/Chronicle-Wire,1156,565,3961,5652,21,420,790,55
OpenHFT/Chronicle-Wire,1157,565,3961,5652,21,420,790,55
OpenHFT/Chronicle-Wire,1158,565,3961,5652,21,420,790,55
OpenHFT/Chronicle-Wire,1159,565,3961,5652,21,420,790,55
OpenHFT/Chronicle-Wire,1160,565,3961,5652,21,420,790,55
OpenHFT/Chronicle-Wire,1161,565,3961,5652,21,420,790,55
OpenHFT/Chronicle-Wire,1162,565,3961,5652,21,420,790,55
OpenHFT/Chronicle-Wire,1163,565,3961,5652,21,420,790,55
OpenHFT/Chronicle-Wire,1164,565,3961,5652,21,420,790,55
OpenHFT/Chronicle-Wire,1165,565,3961,5652,21,420,790,55
OpenHFT/Chronicle-Wire,1166,565,3961,5652,21,420,790,55
OpenHFT/Chronicle-Wire,1167,565,3961,5652,21,420,790,55
OpenHFT/Chronicle-Wire,1168,565,3961,5652,21,420,790,55
OpenHFT/Chronicle-Wire,1169,565,3961,5652,21,420,790,55
OpenHFT/Chronicle-Wire,1177,565,3961,5652,21,420,790,55
OpenHFT/Chronicle-Wire,1178,565,3961,5652,21,420,790,55
OpenHFT/Chronicle-Wire,1179,565,3961,5652,21,420,790,55
OpenHFT/Chronicle-Wire,1180,565,3961,5652,21,420,790,55
OpenHFT/Chronicle-Wire,1181,565,3961,5652,21,420,790,55
OpenHFT/Chronicle-Wire,1182,565,3961,5652,21,420,790,55
OpenHFT/Chronicle-Logger,148,231,4135,826,1,32,167,30
OpenHFT/Chronicle-Logger,151,231,4135,826,1,32,167,30
OpenHFT/Chronicle-Logger,156,231,4135,826,1,32,167,30
OpenHFT/Chronicle-Logger,183,231,4135,826,1,32,167,30
jdereg/json-io,319,341,4459,2447,2,131,293,46
Photon-GitHub/AntiCheatAddition,687,174,3254,1967,21,547,113,10
Photon-GitHub/AntiCheatAddition,688,174,3254,1967,21,547,113,10
xpinjection/test-driven-spring-boot,12,111,3053,176,0,0,16,4
jdereg/java-util,290,429,4456,2342,2,23,333,22
VerisimilitudeX/DNAnalyzer,544,165,1207,1690,0,208,315,54
halilozel1903/AndroidTVMovieParadise,14,190,2180,113,0,6,19,1
OpenHFT/Chronicle-Threads,291,189,3921,1786,1,111,224,34
operaton/operaton,913,277,400,22146,49,392,1176,413
jdereg/java-util,353,429,4456,2342,2,23,333,22
jdereg/java-util,164,429,4456,2342,2,23,333,22
jdereg/java-util,166,429,4456,2342,2,23,333,22
jdereg/java-util,169,429,4456,2342,2,23,333,22
xpinjection/test-driven-spring-boot,15,111,3053,176,0,0,16,4
jdereg/java-util,334,429,4456,2342,2,23,333,22
VerisimilitudeX/DNAnalyzer,528,165,1207,1690,0,208,315,54
jdereg/json-io,396,341,4459,2447,2,131,293,46
OpenHFT/Chronicle-Core,788,619,3921,3993,7,319,508,60
OpenHFT/Chronicle-Core,793,619,3921,3993,7,319,508,60
jdereg/java-util,307,429,4456,2342,2,23,333,22
jdereg/java-util,308,429,4456,2342,2,23,333,22
jdereg/java-util,309,429,4456,2342,2,23,333,22
jdereg/java-util,130,429,4456,2342,2,23,333,22
jdereg/java-util,154,429,4456,2342,2,23,333,22
jdereg/java-util,155,429,4456,2342,2,23,333,22
jdereg/java-util,158,429,4456,2342,2,23,333,22
OpenHFT/Java-Thread-Affinity,165,1880,4443,682,7,68,116,41
OpenHFT/Java-Thread-Affinity,170,1880,4443,682,7,68,116,41
OpenHFT/Java-Thread-Affinity,171,1880,4443,682,7,68,116,41
OpenHFT/Chronicle-Bytes,679,430,3921,3945,2,307,402,45
jdereg/java-util,138,429,4456,2342,2,23,333,22
jdereg/java-util,137,429,4456,2342,2,23,333,22
OpenHFT/Java-Thread-Affinity,144,1880,4443,682,7,68,116,41
jdereg/json-io,395,341,4459,2447,2,131,293,46
VerisimilitudeX/DNAnalyzer,501,165,1207,1690,0,208,315,54
VerisimilitudeX/DNAnalyzer,503,165,1207,1690,0,208,315,54
jdereg/java-util,214,429,4456,2342,2,23,333,22
jdereg/java-util,216,429,4456,2342,2,23,333,22
jdereg/java-util,218,429,4456,2342,2,23,333,22
VerisimilitudeX/DNAnalyzer,519,165,1207,1690,0,208,315,54
VerisimilitudeX/DNAnalyzer,521,165,1207,1690,0,208,315,54
halilozel1903/AndroidTVMovieParadise,10,190,2180,113,0,6,19,1
jdereg/java-util,119,429,4456,2342,2,23,333,22
jdereg/java-util,330,429,4456,2342,2,23,333,22
OpenHFT/Chronicle-Core,739,619,3921,3993,7,319,508,60
OpenHFT/Chronicle-Core,742,619,3921,3993,7,319,508,60
OpenHFT/Chronicle-Core,743,619,3921,3993,7,319,508,60
OpenHFT/Chronicle-Core,746,619,3921,3993,7,319,508,60
OpenHFT/Chronicle-Core,752,619,3921,3993,7,319,508,60
OpenHFT/Chronicle-Core,756,619,3921,3993,7,319,508,60
OpenHFT/Chronicle-Core,758,619,3921,3993,7,319,508,60
OpenHFT/Chronicle-Core,759,619,3921,3993,7,319,508,60
jdereg/java-util,280,429,4456,2342,2,23,333,22
OpenHFT/Java-Thread-Affinity,174,1880,4443,682,7,68,116,41
OpenHFT/Java-Thread-Affinity,166,1880,4443,682,7,68,116,41
traccar/traccar,5568,6663,4966,9401,395,4175,1114,229
OpenHFT/Chronicle-Wire,1195,565,3961,5652,21,420,790,55
OpenHFT/Chronicle-Wire,1196,565,3961,5652,21,420,790,55
OpenHFT/Chronicle-Wire,1198,565,3961,5652,21,420,790,55
OpenHFT/Chronicle-Wire,1199,565,3961,5652,21,420,790,55
jdereg/java-util,145,429,4456,2342,2,23,333,22
OpenHFT/Chronicle-Wire,1000,565,3961,5652,21,420,790,55
OpenHFT/Chronicle-Wire,1009,565,3961,5652,21,420,790,55
OpenHFT/Chronicle-Wire,1010,565,3961,5652,21,420,790,55
OpenHFT/Chronicle-Wire,1012,565,3961,5652,21,420,790,55
OpenHFT/Chronicle-Wire,1013,565,3961,5652,21,420,790,55
OpenHFT/Chronicle-Wire,1014,565,3961,5652,21,420,790,55
OpenHFT/Chronicle-Wire,1015,565,3961,5652,21,420,790,55
OpenHFT/Chronicle-Wire,1016,565,3961,5652,21,420,790,55
OpenHFT/Chronicle-Wire,1017,565,3961,5652,21,420,790,55
OpenHFT/Chronicle-Wire,1019,565,3961,5652,21,420,790,55
OpenHFT/Chronicle-Wire,1021,565,3961,5652,21,420,790,55
OpenHFT/Chronicle-Wire,1022,565,3961,5652,21,420,790,55
OpenHFT/Chronicle-Wire,1023,565,3961,5652,21,420,790,55
OpenHFT/Chronicle-Wire,1024,565,3961,5652,21,420,790,55
OpenHFT/Chronicle-Wire,1025,565,3961,5652,21,420,790,55
OpenHFT/Chronicle-Wire,1026,565,3961,5652,21,420,790,55
OpenHFT/Chronicle-Wire,1027,565,3961,5652,21,420,790,55
OpenHFT/Chronicle-Wire,1028,565,3961,5652,21,420,790,55
OpenHFT/Chronicle-Wire,1029,565,3961,5652,21,420,790,55
OpenHFT/Chronicle-Wire,1031,565,3961,5652,21,420,790,55
OpenHFT/Chronicle-Wire,1032,565,3961,5652,21,420,790,55
OpenHFT/Chronicle-Wire,1033,565,3961,5652,21,420,790,55
OpenHFT/Chronicle-Wire,1034,565,3961,5652,21,420,790,55
OpenHFT/Chronicle-Wire,1035,565,3961,5652,21,420,790,55
OpenHFT/Chronicle-Wire,1037,565,3961,5652,21,420,790,55
OpenHFT/Chronicle-Wire,1039,565,3961,5652,21,420,790,55
OpenHFT/Chronicle-Wire,1040,565,3961,5652,21,420,790,55
OpenHFT/Chronicle-Wire,1041,565,3961,5652,21,420,790,55
OpenHFT/Chronicle-Wire,1042,565,3961,5652,21,420,790,55
OpenHFT/Chronicle-Wire,1043,565,3961,5652,21,420,790,55
OpenHFT/Chronicle-Wire,1044,565,3961,5652,21,420,790,55
OpenHFT/Chronicle-Wire,1045,565,3961,5652,21,420,790,55
OpenHFT/Chronicle-Wire,1047,565,3961,5652,21,420,790,55
OpenHFT/Chronicle-Wire,1048,565,3961,5652,21,420,790,55
OpenHFT/Chronicle-Wire,1049,565,3961,5652,21,420,790,55
OpenHFT/Chronicle-Wire,1053,565,3961,5652,21,420,790,55
OpenHFT/Chronicle-Wire,1054,565,3961,5652,21,420,790,55
OpenHFT/Chronicle-Wire,1055,565,3961,5652,21,420,790,55
OpenHFT/Chronicle-Wire,1056,565,3961,5652,21,420,790,55
OpenHFT/Chronicle-Wire,1058,565,3961,5652,21,420,790,55
OpenHFT/Chronicle-Wire,1059,565,3961,5652,21,420,790,55
OpenHFT/Chronicle-Wire,1060,565,3961,5652,21,420,790,55
OpenHFT/Chronicle-Wire,1061,565,3961,5652,21,420,790,55
OpenHFT/Chronicle-Wire,1062,565,3961,5652,21,420,790,55
OpenHFT/Chronicle-Wire,1064,565,3961,5652,21,420,790,55
OpenHFT/Chronicle-Wire,1065,565,3961,5652,21,420,790,55
OpenHFT/Chronicle-Wire,1066,565,3961,5652,21,420,790,55
OpenHFT/Chronicle-Wire,1068,565,3961,5652,21,420,790,55
OpenHFT/Chronicle-Wire,1069,565,3961,5652,21,420,790,55
OpenHFT/Chronicle-Wire,1070,565,3961,5652,21,420,790,55
OpenHFT/Chronicle-Wire,1071,565,3961,5652,21,420,790,55
OpenHFT/Chronicle-Wire,1072,565,3961,5652,21,420,790,55
OpenHFT/Chronicle-Wire,1073,565,3961,5652,21,420,790,55
jdereg/java-util,341,429,4456,2342,2,23,333,22
jdereg/java-util,148,429,4456,2342,2,23,333,22
jdereg/java-util,217,429,4456,2342,2,23,333,22
jdereg/java-util,219,429,4456,2342,2,23,333,22
Stirling-Tools/Stirling-PDF,3555,70081,1027,4170,352,1116,3246,275
Stirling-Tools/Stirling-PDF,3556,70081,1027,4170,352,1116,3246,275
jdereg/json-io,347,341,4459,2447,2,131,293,46
jdereg/json-io,357,341,4459,2447,2,131,293,46
VerisimilitudeX/DNAnalyzer,538,165,1207,1690,0,208,315,54
jdereg/json-io,366,341,4459,2447,2,131,293,46
jdereg/json-io,415,341,4459,2447,2,131,293,46
jdereg/json-io,417,341,4459,2447,2,131,293,46
jdereg/java-util,144,429,4456,2342,2,23,333,22
jdereg/java-util,143,429,4456,2342,2,23,333,22
jdereg/java-util,142,429,4456,2342,2,23,333,22
jdereg/java-util,261,429,4456,2342,2,23,333,22
jdereg/java-util,265,429,4456,2342,2,23,333,22
jdereg/java-util,266,429,4456,2342,2,23,333,22
jdereg/java-util,271,429,4456,2342,2,23,333,22
SimonHalvdansson/Harmonic-HN,223,831,911,650,46,119,94,32
OpenHFT/Chronicle-Values,132,111,3921,557,1,26,138,29
OpenHFT/Chronicle-Values,134,111,3921,557,1,26,138,29
OpenHFT/Chronicle-Values,137,111,3921,557,1,26,138,29
OpenHFT/Chronicle-Values,143,111,3921,557,1,26,138,29
OpenHFT/Chronicle-Values,145,111,3921,557,1,26,138,29
OpenHFT/Chronicle-Values,152,111,3921,557,1,26,138,29
OpenHFT/Java-Runtime-Compiler,150,692,4440,347,5,52,106,37
OpenHFT/Java-Runtime-Compiler,152,692,4440,347,5,52,106,37
OpenHFT/Java-Runtime-Compiler,154,692,4440,347,5,52,106,37
OpenHFT/Java-Runtime-Compiler,155,692,4440,347,5,52,106,37
OpenHFT/Java-Runtime-Compiler,156,692,4440,347,5,52,106,37
OpenHFT/Java-Runtime-Compiler,157,692,4440,347,5,52,106,37
jdereg/java-util,338,429,4456,2342,2,23,333,22
jdereg/java-util,263,429,4456,2342,2,23,333,22
EduMIPS64/edumips64,1379,170,5190,1975,56,218,1147,28
OpenHFT/Chronicle-Threads,292,189,3921,1786,1,111,224,34
jdereg/json-io,315,341,4459,2447,2,131,293,46
jdereg/java-util,157,429,4456,2342,2,23,333,22
jdereg/java-util,168,429,4456,2342,2,23,333,22
jdereg/json-io,393,341,4459,2447,2,131,293,46
jdereg/json-io,399,341,4459,2447,2,131,293,46
jdereg/json-io,400,341,4459,2447,2,131,293,46
jdereg/json-io,401,341,4459,2447,2,131,293,46
SimonHalvdansson/Harmonic-HN,213,831,911,650,46,119,94,32
jdereg/java-util,230,429,4456,2342,2,23,333,22
jdereg/java-util,237,429,4456,2342,2,23,333,22
jdereg/java-util,244,429,4456,2342,2,23,333,22
jdereg/java-util,250,429,4456,2342,2,23,333,22
VerisimilitudeX/DNAnalyzer,543,165,1207,1690,0,208,315,54
SimonHalvdansson/Harmonic-HN,215,831,911,650,46,119,94,32
OpenHFT/Chronicle-Core,766,619,3921,3993,7,319,508,60
OpenHFT/Chronicle-Core,771,619,3921,3993,7,319,508,60
OpenHFT/Chronicle-Core,775,619,3921,3993,7,319,508,60
OpenHFT/Chronicle-Core,776,619,3921,3993,7,319,508,60
OpenHFT/Chronicle-Core,777,619,3921,3993,7,319,508,60
OpenHFT/Chronicle-Core,779,619,3921,3993,7,319,508,60
OpenHFT/Chronicle-Core,781,619,3921,3993,7,319,508,60
OpenHFT/Chronicle-Core,784,619,3921,3993,7,319,508,60
OpenHFT/Chronicle-Core,785,619,3921,3993,7,319,508,60
OpenHFT/Chronicle-Core,789,619,3921,3993,7,319,508,60
OpenHFT/Chronicle-Core,795,619,3921,3993,7,319,508,60
OpenHFT/Chronicle-Core,797,619,3921,3993,7,319,508,60
OpenHFT/Chronicle-Core,808,619,3921,3993,7,319,508,60
OpenHFT/Chronicle-Core,809,619,3921,3993,7,319,508,60
OpenHFT/Chronicle-Core,811,619,3921,3993,7,319,508,60
jdereg/java-util,122,429,4456,2342,2,23,333,22
jdereg/java-util,124,429,4456,2342,2,23,333,22
jdereg/java-util,125,429,4456,2342,2,23,333,22
jdereg/java-util,128,429,4456,2342,2,23,333,22
EduMIPS64/edumips64,1378,170,5190,1976,56,218,1148,28
jdereg/java-util,347,429,4456,2342,2,23,333,22
jdereg/java-util,221,429,4456,2342,2,23,333,22
jdereg/java-util,251,429,4456,2342,2,23,333,22
jdereg/java-util,151,429,4456,2342,2,23,333,22
jdereg/java-util,162,429,4456,2342,2,23,333,22
OpenHFT/Chronicle-Wire,1078,565,3961,5652,21,420,790,55
OpenHFT/Chronicle-Wire,1079,565,3961,5652,21,420,790,55
OpenHFT/Chronicle-Wire,1082,565,3961,5652,21,420,790,55
OpenHFT/Chronicle-Wire,1083,565,3961,5652,21,420,790,55
OpenHFT/Chronicle-Wire,1084,565,3961,5652,21,420,790,55
OpenHFT/Chronicle-Wire,1085,565,3961,5652,21,420,790,55
OpenHFT/Chronicle-Wire,1086,565,3961,5652,21,420,790,55
OpenHFT/Chronicle-Wire,1087,565,3961,5652,21,420,790,55
OpenHFT/Chronicle-Wire,1089,565,3961,5652,21,420,790,55
OpenHFT/Chronicle-Wire,1093,565,3961,5652,21,420,790,55
OpenHFT/Chronicle-Bytes,656,430,3921,3945,2,307,402,45
jdereg/java-util,220,429,4456,2342,2,23,333,22
xpinjection/test-driven-spring-boot,7,111,3053,176,0,0,16,4
OpenHFT/Chronicle-Values,114,111,3921,557,1,26,138,29
OpenHFT/Chronicle-Values,118,111,3921,557,1,26,138,29
OpenHFT/Chronicle-Values,74,111,3921,557,1,26,138,29
OpenHFT/Chronicle-Values,115,111,3921,557,1,26,138,29
OpenHFT/Chronicle-Values,116,111,3921,557,1,26,138,29
OpenHFT/Chronicle-Core,787,619,3921,3993,7,319,508,60
OpenHFT/Chronicle-Core,796,619,3921,3993,7,319,508,60
OpenHFT/Chronicle-Core,800,619,3921,3993,7,319,508,60
OpenHFT/Chronicle-Core,801,619,3921,3993,7,319,508,60
OpenHFT/Chronicle-Core,802,619,3921,3993,7,319,508,60
OpenHFT/Chronicle-Core,803,619,3921,3993,7,319,508,60
OpenHFT/Chronicle-Core,804,619,3921,3993,7,319,508,60
OpenHFT/Chronicle-Core,805,619,3921,3993,7,319,508,60
OpenHFT/Chronicle-Core,806,619,3921,3993,7,319,508,60
EduMIPS64/edumips64,1380,170,5190,1979,56,218,1151,28
jdereg/json-io,321,341,4459,2447,2,131,293,46
OpenHFT/Chronicle-Values,73,111,3921,557,1,26,138,29
OpenHFT/Chronicle-Values,81,111,3921,557,1,26,138,29
OpenHFT/Chronicle-Values,83,111,3921,557,1,26,138,29
OpenHFT/Chronicle-Values,84,111,3921,557,1,26,138,29
OpenHFT/Chronicle-Values,85,111,3921,557,1,26,138,29
OpenHFT/Chronicle-Values,86,111,3921,557,1,26,138,29
OpenHFT/Chronicle-Values,90,111,3921,557,1,26,138,29
OpenHFT/Chronicle-Values,91,111,3921,557,1,26,138,29
OpenHFT/Chronicle-Values,93,111,3921,557,1,26,138,29
OpenHFT/Chronicle-Values,96,111,3921,557,1,26,138,29
OpenHFT/Chronicle-Values,97,111,3921,557,1,26,138,29
OpenHFT/Chronicle-Values,98,111,3921,557,1,26,138,29
OpenHFT/Chronicle-Values,99,111,3921,557,1,26,138,29
OpenHFT/Chronicle-Values,100,111,3921,557,1,26,138,29
OpenHFT/Chronicle-Values,101,111,3921,557,1,26,138,29
OpenHFT/Chronicle-Values,102,111,3921,557,1,26,138,29
OpenHFT/Chronicle-Values,103,111,3921,557,1,26,138,29
OpenHFT/Chronicle-Values,105,111,3921,557,1,26,138,29
OpenHFT/Chronicle-Values,106,111,3921,557,1,26,138,29
OpenHFT/Chronicle-Values,107,111,3921,557,1,26,138,29
OpenHFT/Chronicle-Values,108,111,3921,557,1,26,138,29
OpenHFT/Chronicle-Values,110,111,3921,557,1,26,138,29
OpenHFT/Chronicle-Values,111,111,3921,557,1,26,138,29
OpenHFT/Chronicle-Values,112,111,3921,557,1,26,138,29
OpenHFT/Chronicle-Values,113,111,3921,557,1,26,138,29
OpenHFT/Chronicle-Values,117,111,3921,557,1,26,138,29
OpenHFT/Chronicle-Values,119,111,3921,557,1,26,138,29
OpenHFT/Chronicle-Values,120,111,3921,557,1,26,138,29
OpenHFT/Chronicle-Values,121,111,3921,557,1,26,138,29
OpenHFT/Chronicle-Values,122,111,3921,557,1,26,138,29
OpenHFT/Chronicle-Values,124,111,3921,557,1,26,138,29
OpenHFT/Chronicle-Values,126,111,3921,557,1,26,138,29
OpenHFT/Chronicle-Values,127,111,3921,557,1,26,138,29
OpenHFT/Chronicle-Values,128,111,3921,557,1,26,138,29
OpenHFT/Chronicle-Values,129,111,3921,557,1,26,138,29
OpenHFT/Chronicle-Core,810,619,3921,3993,7,319,508,60
OpenHFT/Java-Thread-Affinity,172,1880,4444,682,7,68,116,41
jdereg/java-util,359,429,4456,2342,2,23,333,22
apache/pinot,16085,5959,4202,14324,1483,1712,14009,448
OpenHFT/Chronicle-Core,744,619,3921,3993,7,319,508,60
OpenHFT/Chronicle-Core,748,619,3921,3993,7,319,508,60
OpenHFT/Chronicle-Core,751,619,3921,3993,7,319,508,60
OpenHFT/Chronicle-Core,753,619,3921,3993,7,319,508,60
OpenHFT/Chronicle-Core,754,619,3921,3993,7,319,508,60
OpenHFT/Chronicle-Core,767,619,3921,3993,7,319,508,60
OpenHFT/Chronicle-Core,770,619,3921,3993,7,319,508,60
OpenHFT/Chronicle-Core,778,619,3921,3993,7,319,508,60
OpenHFT/Chronicle-Core,780,619,3921,3993,7,319,508,60
jdereg/java-util,282,429,4456,2342,2,23,333,22
jdereg/java-util,283,429,4456,2342,2,23,333,22
jdereg/java-util,286,429,4456,2342,2,23,333,22
jdereg/java-util,288,429,4456,2342,2,23,333,22
OpenHFT/Chronicle-Logger,146,231,4136,826,1,32,167,30
OpenHFT/Chronicle-Logger,150,231,4136,826,1,32,167,30
OpenHFT/Chronicle-Logger,153,231,4136,826,1,32,167,30
OpenHFT/Chronicle-Logger,155,231,4136,826,1,32,167,30
OpenHFT/Chronicle-Logger,158,231,4136,826,1,32,167,30
OpenHFT/Chronicle-Logger,161,231,4136,826,1,32,167,30
OpenHFT/Chronicle-Logger,162,231,4136,826,1,32,167,30
OpenHFT/Chronicle-Logger,163,231,4136,826,1,32,167,30
OpenHFT/Chronicle-Logger,164,231,4136,826,1,32,167,30
OpenHFT/Chronicle-Logger,165,231,4136,826,1,32,167,30
OpenHFT/Chronicle-Logger,167,231,4136,826,1,32,167,30
OpenHFT/Chronicle-Logger,168,231,4136,826,1,32,167,30
OpenHFT/Chronicle-Logger,169,231,4136,826,1,32,167,30
OpenHFT/Chronicle-Logger,179,231,4136,826,1,32,167,30
OpenHFT/Chronicle-Logger,180,231,4136,826,1,32,167,30
OpenHFT/Chronicle-Logger,184,231,4136,826,1,32,167,30
OpenHFT/Chronicle-Logger,186,231,4136,826,1,32,167,30
OpenHFT/Chronicle-Logger,187,231,4136,826,1,32,167,30
OpenHFT/Chronicle-Logger,188,231,4136,826,1,32,167,30
OpenHFT/Chronicle-Logger,190,231,4136,826,1,32,167,30
OpenHFT/Chronicle-Logger,191,231,4136,826,1,32,167,30
OpenHFT/Chronicle-Logger,193,231,4136,826,1,32,167,30
OpenHFT/Chronicle-Core,813,619,3922,3993,7,319,508,60
OpenHFT/Chronicle-Core,814,619,3922,3993,7,319,508,60
jdereg/java-util,358,429,4456,2342,2,23,333,22
Stirling-Tools/Stirling-PDF,3621,70089,1027,4170,352,1116,3248,275
jdereg/java-util,201,429,4456,2342,2,23,333,22
jdereg/java-util,346,429,4456,2342,2,23,333,22
jdereg/json-io,412,341,4459,2447,2,131,293,46
jdereg/java-util,321,429,4456,2342,2,23,333,22
jdereg/java-util,322,429,4456,2342,2,23,333,22
jdereg/java-util,118,429,4456,2342,2,23,333,22
xpinjection/test-driven-spring-boot,8,111,3053,176,0,0,16,4
xpinjection/test-driven-spring-boot,9,111,3053,176,0,0,16,4
jdereg/json-io,375,341,4459,2447,2,131,293,46
jdereg/json-io,376,341,4459,2447,2,131,293,46
jdereg/json-io,377,341,4459,2447,2,131,293,46
jdereg/json-io,379,341,4459,2447,2,131,293,46
jdereg/json-io,380,341,4459,2447,2,131,293,46
jdereg/json-io,381,341,4459,2447,2,131,293,46
jdereg/json-io,382,341,4459,2447,2,131,293,46
jdereg/json-io,383,341,4459,2447,2,131,293,46
VerisimilitudeX/DNAnalyzer,536,165,1207,1690,0,208,315,54
VerisimilitudeX/DNAnalyzer,540,165,1207,1690,0,208,315,54
OpenHFT/Chronicle-Logger,182,231,4136,826,1,32,168,30
OpenHFT/Chronicle-Logger,192,231,4136,826,1,32,168,30
jdereg/java-util,305,429,4456,2342,2,23,333,22
jdereg/java-util,323,429,4456,2342,2,23,333,22
jdereg/java-util,324,429,4456,2342,2,23,333,22
jdereg/json-io,392,341,4459,2447,2,131,293,46
OpenHFT/Chronicle-Logger,176,231,4136,826,1,32,168,30
jdereg/java-util,186,429,4456,2342,2,23,333,22
jdereg/java-util,189,429,4456,2342,2,23,333,22
jdereg/java-util,190,429,4456,2342,2,23,333,22
jdereg/java-util,191,429,4456,2342,2,23,333,22
jdereg/java-util,192,429,4456,2342,2,23,333,22
jdereg/java-util,193,429,4456,2342,2,23,333,22
jdereg/java-util,194,429,4456,2342,2,23,333,22
jdereg/java-util,198,429,4456,2342,2,23,333,22
kongzue/DialogX,502,2303,1881,816,7,482,32,10
jdereg/java-util,328,429,4456,2342,2,23,333,22
operaton/operaton,1001,278,400,22146,49,392,1176,413
jdereg/json-io,312,341,4459,2447,2,131,293,46
OpenHFT/Java-Thread-Affinity,157,1880,4444,682,7,68,116,41
jdereg/java-util,356,429,4456,2342,2,23,333,22
jdereg/java-util,357,429,4456,2342,2,23,333,22
jdereg/java-util,276,429,4456,2342,2,23,333,22
VerisimilitudeX/DNAnalyzer,537,165,1207,1690,0,208,315,54
jdereg/java-util,278,429,4456,2342,2,23,333,22
jdereg/java-util,281,429,4456,2342,2,23,333,22
jdereg/java-util,325,429,4456,2342,2,23,333,22
operaton/operaton,912,278,400,22146,49,392,1176,413
OpenHFT/Chronicle-Threads,327,189,3922,1786,1,111,225,34
OpenHFT/Chronicle-Values,61,111,3922,557,1,26,138,29
OpenHFT/Chronicle-Values,64,111,3922,557,1,26,138,29
OpenHFT/Chronicle-Values,66,111,3922,557,1,26,138,29
OpenHFT/Chronicle-Values,70,111,3922,557,1,26,138,29
OpenHFT/Chronicle-Values,71,111,3922,557,1,26,138,29
OpenHFT/Chronicle-Values,82,111,3922,557,1,26,138,29
OpenHFT/Chronicle-Values,88,111,3922,557,1,26,138,29
OpenHFT/Chronicle-Values,65,111,3922,557,1,26,138,29
OpenHFT/Chronicle-Values,67,111,3922,557,1,26,138,29
OpenHFT/Chronicle-Values,68,111,3922,557,1,26,138,29
OpenHFT/Chronicle-Values,75,111,3922,557,1,26,138,29
OpenHFT/Chronicle-Values,77,111,3922,557,1,26,138,29
OpenHFT/Chronicle-Values,79,111,3922,557,1,26,138,29
OpenHFT/Chronicle-Values,80,111,3922,557,1,26,138,29
OpenHFT/Chronicle-Values,87,111,3922,557,1,26,138,29
OpenHFT/Chronicle-Values,89,111,3922,557,1,26,138,29
OpenHFT/Chronicle-Values,94,111,3922,557,1,26,138,29
OpenHFT/Chronicle-Values,95,111,3922,557,1,26,138,29
OpenHFT/Java-Runtime-Compiler,151,692,4440,347,5,52,106,37
OpenHFT/Java-Runtime-Compiler,161,692,4440,347,5,52,106,37
jdereg/java-util,202,429,4456,2342,2,23,333,22
xpinjection/test-driven-spring-boot,14,111,3053,176,0,0,16,4
OpenHFT/Chronicle-Values,63,111,3922,557,1,26,138,29
OpenHFT/Java-Thread-Affinity,153,1880,4443,682,7,68,116,41
OpenHFT/Java-Thread-Affinity,159,1880,4443,682,7,68,116,41
OpenHFT/Chronicle-Core,761,619,3922,3994,7,319,508,60
OpenHFT/Chronicle-Core,762,619,3922,3994,7,319,508,60
OpenHFT/Chronicle-Core,769,619,3922,3994,7,319,508,60
OpenHFT/Chronicle-Core,772,619,3922,3994,7,319,508,60
OpenHFT/Chronicle-Core,783,619,3922,3994,7,319,508,60
jdereg/json-io,320,341,4460,2447,2,131,293,46
jdereg/java-util,291,429,4456,2342,2,23,333,22
jdereg/java-util,295,429,4456,2342,2,23,333,22
jdereg/java-util,296,429,4456,2342,2,23,333,22
jdereg/java-util,297,429,4456,2342,2,23,333,22
jdereg/java-util,298,429,4456,2342,2,23,333,22
jdereg/json-io,323,341,4460,2447,2,131,293,46
jdereg/json-io,324,341,4460,2447,2,131,293,46
jdereg/json-io,327,341,4460,2447,2,131,293,46
jdereg/json-io,354,341,4460,2447,2,131,293,46
jdereg/json-io,355,341,4460,2447,2,131,293,46
jdereg/json-io,361,341,4460,2447,2,131,293,46
jdereg/json-io,362,341,4460,2447,2,131,293,46
jdereg/json-io,364,341,4460,2447,2,131,293,46
jdereg/json-io,370,341,4460,2447,2,131,293,46
jdereg/json-io,372,341,4460,2447,2,131,293,46
jdereg/json-io,373,341,4460,2447,2,131,293,46
jdereg/json-io,390,341,4460,2447,2,131,293,46
jdereg/json-io,391,341,4460,2447,2,131,293,46
jdereg/json-io,397,341,4460,2447,2,131,293,46
jdereg/json-io,404,341,4460,2447,2,131,293,46
jdereg/json-io,406,341,4460,2447,2,131,293,46
jdereg/json-io,410,341,4460,2447,2,131,293,46
jdereg/json-io,363,341,4460,2447,2,131,293,46
jdereg/json-io,365,341,4460,2447,2,131,293,46
jdereg/json-io,367,341,4460,2447,2,131,293,46
jdereg/json-io,368,341,4460,2447,2,131,293,46
jdereg/json-io,369,341,4460,2447,2,131,293,46
jdereg/json-io,371,341,4460,2447,2,131,293,46
jdereg/json-io,374,341,4460,2447,2,131,293,46
OpenHFT/Java-Thread-Affinity,158,1880,4443,682,7,68,116,41
OpenHFT/Java-Thread-Affinity,160,1880,4443,682,7,68,116,41
lunasaw/gb28181-proxy,38,134,771,312,13,6,33,4
datahub-project/datahub,14019,11237,3655,13269,352,2178,12806,672
sakaiproject/sakai,13874,1189,3979,54802,0,0,13871,339
StarRocks/starrocks,61224,10916,1538,22801,493,8589,56568,550
StarRocks/starrocks,61227,10916,1538,22801,493,8589,56568,550
lunasaw/gb28181-proxy,40,134,771,312,13,6,33,4
datahub-project/datahub,13958,11237,3655,13269,352,2178,12806,672
datahub-project/datahub,14016,11237,3655,13269,352,2178,12806,672
datahub-project/datahub,14017,11237,3655,13269,352,2178,12806,672
sakaiproject/sakai,13875,1189,3979,54802,0,0,13871,339
domaframework/doma,1322,490,4279,3751,3,124,1320,47
