Repo,PR_number,Commits,Additions,Deletions,Files_Changed,Comments,Formal_Review,Inline_Comments_Review,NumPathsInFile,AvgPathCharLength,MaxPathCharLength
dotCMS/core,32609,4,3244,17,9,2,7.0,11,9,22.88888888888889,31
apache/pulsar,24542,2,942,22,4,4,3.0,0,4,103.25,117
dotCMS/core,32771,6,266,172,2,1,6.0,3,2,32.5,42
dotCMS/core,32561,6,5741,18,126,3,7.0,2,126,84.53968253968254,114
microsoft/ApplicationInsights-Java,4293,2,1,0,1,0,0.0,0,1,117.0,117
microsoft/typespec,7783,5,19,6,2,4,5.0,2,2,42.5,45
microsoft/typespec,7739,6,226,0,2,0,9.0,6,2,106.5,109
valkey-io/valkey-glide,4262,4,10,0,1,0,4.0,2,1,9.0,9
microsoft/typespec,7661,9,16,14,5,5,13.0,10,5,60.2,86
microsoft/typespec,7667,4,13,5,3,2,5.0,0,3,50.333333333333336,66
microsoft/typespec,7779,8,147,8,2,1,13.0,8,2,67.5,83
microsoft/typespec,7439,26,106,0,3,2,71.0,67,3,33.333333333333336,42
valkey-io/valkey-glide,4456,4,20,5,2,0,0.0,0,2,21.5,26
microsoft/ApplicationInsights-Java,4326,5,395,184,6,2,3.0,0,6,103.66666666666667,112
microsoft/ApplicationInsights-Java,4252,4,6,7,3,14,9.0,6,3,85.33333333333333,116
microsoft/ApplicationInsights-Java,4257,14,18,11,8,10,9.0,8,8,86.125,128
microsoft/typespec,7801,9,2063,49,27,8,6.0,2,27,137.40740740740742,198
valkey-io/valkey-glide,4407,7,6,5,4,0,10.0,8,4,24.0,28
Azure/azure-sdk-for-java,45795,8,29,28,6,5,12.0,9,6,84.33333333333333,99
camunda/camunda,35602,3,43,12,4,11,4.0,2,4,69.0,76
microsoft/typespec,7481,6,21,13,14,7,9.0,6,14,53.142857142857146,86
EduMIPS64/edumips64,1360,11,317,295,11,7,13.0,17,11,51.54545454545455,55
microsoft/typespec,7602,20,672,0,6,11,43.0,40,6,56.5,79
apolloconfig/apollo,5438,2,19,0,1,7,4.0,0,1,7.0,7
valkey-io/valkey-glide,4287,11,309,59,2,5,11.0,13,2,45.5,63
valkey-io/valkey-glide,4288,4,19,14,5,0,3.0,1,5,17.4,19
valkey-io/valkey-glide,4289,15,88,18,1,10,3.0,4,1,24.0,24
valkey-io/valkey-glide,4290,2,1,2,1,0,2.0,0,1,25.0,25
microsoft/typespec,7458,5,3613,5609,17,3,0.0,0,17,91.6470588235294,117
Azure/azure-sdk-for-java,45808,3,1,4,2,0,4.0,2,2,34.5,43
objectionary/eo,4317,5,9,51,9,12,2.0,0,9,60.888888888888886,79
microsoft/ApplicationInsights-Java,4269,7,104,52,3,4,11.0,9,3,103.33333333333333,111
camunda/camunda,34932,15,327,3,9,3,6.0,2,9,94.0,104
objectionary/eo,4280,6,11,8,2,14,3.0,0,2,68.0,73
objectionary/eo,4282,2,1,0,1,2,2.0,0,1,11.0,11
1c-syntax/bsl-language-server,3481,11,69,7,5,12,26.0,26,5,99.2,106
EduMIPS64/edumips64,1361,3,22,0,1,2,3.0,2,1,41.0,41
camunda/camunda,34576,12,128,41,10,5,3.0,5,10,87.9,106
wgzhao/Addax,1321,15,15064,26,164,10,2.0,2,164,29.164634146341463,37
OWASP/wrongsecrets,2120,8,409,1,4,10,0.0,0,4,21.25,40
microsoft/ApplicationInsights-Java,4262,10,22,8,5,10,18.0,14,5,23.2,34
microsoft/ApplicationInsights-Java,4377,2,2,2,1,0,3.0,0,1,111.0,111
valkey-io/valkey-glide,4471,2,78,7,3,0,2.0,0,3,27.666666666666668,29
microsoft/typespec,7760,21,174,81,6,10,32.0,32,6,59.166666666666664,66
valkey-io/valkey-glide,4481,2,9,2,1,0,2.0,0,1,28.0,28
OWASP/wrongsecrets,2115,3,138,1,2,5,2.0,0,2,27.5,46
camunda/camunda,35374,14,294,11,30,5,19.0,34,30,101.6,117
Azure/azure-sdk-for-java,45595,17,1,9,1,13,18.0,16,1,35.0,35
camunda/camunda,35347,9,232,1,3,1,16.0,19,3,95.33333333333333,104
W1LDN16H7/JPL,1,1,0,0,0,0,0.0,0,0,0.0,0
valkey-io/valkey-glide,4295,8,3,3,1,6,2.0,0,1,44.0,44
camunda/camunda,34581,22,129,559,7,23,29.0,32,7,43.42857142857143,46
valkey-io/valkey-glide,4462,2,1,1,1,0,0.0,0,1,68.0,68
Azure/azure-sdk-for-java,45797,11,33,33,18,6,4.0,2,18,96.66666666666667,117
Azure/azure-sdk-for-java,45803,5,2,2,1,0,6.0,3,1,18.0,18
binarywang/WxJava,3646,4,82,3,4,0,0.0,0,4,94.5,102
binarywang/WxJava,3647,3,529,3,5,0,0.0,0,5,68.8,102
binarywang/WxJava,3655,4,218,4,7,0,0.0,0,7,102.42857142857143,110
binarywang/WxJava,3658,2,137,0,2,0,0.0,0,2,84.5,85
valkey-io/valkey-glide,4469,5,58,8,3,7,0.0,0,3,31.333333333333332,37
camunda/camunda,34544,1,77,4,2,8,0.0,0,2,89.5,91
microsoft/typespec,7644,12,615,566,17,4,12.0,8,17,94.82352941176471,117
microsoft/typespec,7735,3,34,11,4,1,2.0,0,4,50.75,62
microsoft/typespec,7927,4,7303,299,72,4,2.0,0,72,146.26388888888889,205
valkey-io/valkey-glide,4353,10,505,0,3,12,6.0,8,3,33.666666666666664,43
microsoft/typespec,7755,7,66,1,2,3,17.0,14,2,59.5,67
valkey-io/valkey-glide,4324,2,3,3,1,0,0.0,0,1,24.0,24
microsoft/typespec,8008,11,110,13,1,1,22.0,17,1,61.0,61
wgzhao/dbeaver-agent,22,4,744,14,9,0,0.0,0,9,30.0,73
OWASP/wrongsecrets,2117,3,647,4,4,2,0.0,0,4,24.5,29
microsoft/ApplicationInsights-Java,4328,5,2,2,1,0,5.0,2,1,118.0,118
microsoft/typespec,7426,37,274,0,2,7,91.0,90,2,59.5,67
microsoft/typespec,7967,6,157,0,10,2,6.0,4,10,118.3,137
camunda/camunda,35007,2,29,47,14,3,4.0,2,14,91.0,107
EduMIPS64/edumips64,1363,2,21,0,1,1,0.0,0,1,28.0,28
EduMIPS64/edumips64,1364,7,190,6,7,4,3.0,2,7,27.571428571428573,35
valkey-io/valkey-glide,4376,6,33,18,1,6,0.0,0,1,44.0,44
valkey-io/valkey-glide,4377,14,51,10,2,6,11.0,10,2,26.5,27
valkey-io/valkey-glide,4380,9,128,7,1,6,0.0,0,1,34.0,34
valkey-io/valkey-glide,4381,6,9,2,2,5,0.0,0,2,23.5,36
valkey-io/valkey-glide,4384,8,131,48,1,9,0.0,0,1,53.0,53
valkey-io/valkey-glide,4386,5,25,21,8,2,0.0,0,8,28.5,37
OpenHFT/Chronicle-Core,747,1,86,62,3,0,0.0,0,3,60.666666666666664,73
OpenHFT/Chronicle-Core,749,1,65,0,1,0,0.0,0,1,37.0,37
jdereg/java-util,149,1,2,2,1,0,0.0,0,1,55.0,55
jdereg/java-util,147,1,132,35,2,0,0.0,0,2,59.0,66
jdereg/java-util,146,1,77,0,2,0,0.0,0,2,57.0,62
jdereg/java-util,141,1,35,0,2,0,0.0,0,2,67.5,75
jdereg/java-util,139,1,11,5,1,0,0.0,0,1,52.0,52
jdereg/java-util,293,1,28,0,2,0,0.0,0,2,36.5,61
jdereg/java-util,294,2,97,1,2,0,0.0,0,2,38.0,64
jdereg/java-util,315,2,95,1,2,0,0.0,0,2,36.5,61
OpenHFT/Java-Thread-Affinity,152,1,55,0,1,0,0.0,0,1,74.0,74
OpenHFT/Java-Thread-Affinity,155,1,17,2,1,0,0.0,0,1,54.0,54
OpenHFT/Chronicle-Core,737,1,198,74,17,0,0.0,0,17,68.52941176470588,75
OpenHFT/Chronicle-Bytes,677,1,6,2,1,0,0.0,0,1,72.0,72
jdereg/java-util,245,1,15,7,2,0,0.0,0,2,30.0,48
jdereg/java-util,257,1,3,2,2,0,0.0,0,2,37.0,62
OpenHFT/Chronicle-Core,755,1,13,16,1,0,0.0,0,1,72.0,72
OpenHFT/Chronicle-Core,757,1,13,10,1,0,0.0,0,1,73.0,73
OpenHFT/Chronicle-Core,764,2,129,37,5,0,0.0,0,5,66.2,68
OpenHFT/Chronicle-Core,782,1,46,30,1,0,0.0,0,1,71.0,71
OpenHFT/Chronicle-Core,792,2,166,44,6,0,0.0,0,6,66.5,74
OpenHFT/Chronicle-Core,807,1,50,0,2,0,0.0,0,2,27.0,43
halilozel1903/AndroidTVMovieParadise,17,1,18,12,4,0,0.0,0,4,51.0,76
halilozel1903/AndroidTVMovieParadise,19,1,20,80,6,0,0.0,0,6,40.0,76
jdereg/json-io,408,1,21,1,2,0,0.0,0,2,36.0,60
jdereg/json-io,407,1,21,0,2,0,0.0,0,2,37.5,63
jdereg/json-io,405,2,23,13,2,0,0.0,0,2,37.0,62
jdereg/json-io,378,2,62,23,6,0,0.0,0,6,32.833333333333336,59
VerisimilitudeX/DNAnalyzer,527,1,163,2,11,0,0.0,0,11,22.09090909090909,28
jdereg/json-io,322,2,7,0,1,0,0.0,0,1,76.0,76
OpenHFT/Chronicle-Bytes,657,1,108,154,16,0,0.0,0,16,70.625,75
OpenHFT/Chronicle-Bytes,659,1,180,65,12,0,0.0,0,12,58.5,75
OpenHFT/Chronicle-Bytes,660,2,138,151,9,0,0.0,0,9,65.55555555555556,73
jdereg/java-util,274,1,15,0,2,0,0.0,0,2,41.5,71
jdereg/java-util,273,2,17,2,2,0,0.0,0,2,41.5,71
jdereg/java-util,272,1,38,0,2,0,0.0,0,2,41.5,71
jdereg/java-util,140,1,6,0,2,0,0.0,0,2,62.0,64
OpenHFT/Chronicle-Threads,328,1,36,0,1,0,0.0,0,1,31.0,31
OpenHFT/Chronicle-Wire,997,1,69,36,1,0,0.0,0,1,19.0,19
OpenHFT/Chronicle-Wire,998,1,67,14,1,0,0.0,0,1,21.0,21
OpenHFT/Chronicle-Wire,999,1,26,41,1,0,0.0,0,1,33.0,33
halilozel1903/AndroidTVMovieParadise,13,1,347,1,12,0,0.0,0,12,74.91666666666667,94
jdereg/java-util,204,1,101,1,7,0,0.0,0,7,46.42857142857143,57
jdereg/java-util,207,1,212,0,4,0,0.0,0,4,35.5,61
OpenHFT/Java-Thread-Affinity,168,1,5,0,1,0,0.0,0,1,65.0,65
OpenHFT/Java-Thread-Affinity,173,1,11,0,2,0,0.0,0,2,64.0,70
jdereg/java-util,208,1,55,0,3,0,0.0,0,3,46.666666666666664,64
jdereg/java-util,209,1,18,1,2,0,0.0,0,2,35.5,59
jdereg/java-util,210,1,135,0,2,0,0.0,0,2,40.0,68
jdereg/java-util,211,2,77,2,2,0,0.0,0,2,46.5,81
jdereg/java-util,212,1,47,0,2,0,0.0,0,2,43.0,74
jdereg/java-util,213,2,91,6,2,0,0.0,0,2,42.5,73
jdereg/java-util,215,2,112,0,1,0,0.0,0,1,63.0,63
jdereg/java-util,246,1,64,0,2,0,0.0,0,2,37.0,62
jdereg/java-util,247,2,45,1,2,0,0.0,0,2,38.0,64
jdereg/java-util,248,1,55,0,2,0,0.0,0,2,37.0,62
jdereg/java-util,249,2,134,2,2,0,0.0,0,2,39.0,66
jdereg/java-util,254,1,55,0,2,0,0.0,0,2,47.5,83
OpenHFT/Chronicle-Values,159,2,1,0,1,0,0.0,0,1,70.0,70
Camelcade/Perl5-IDEA,3002,1,6,5,5,4,0.0,0,5,96.0,103
jdereg/java-util,348,1,101,20,3,0,0.0,0,3,45.0,70
jdereg/java-util,349,1,105,0,4,0,0.0,0,4,37.25,72
jdereg/java-util,350,1,85,0,4,0,0.0,0,4,36.25,68
jdereg/java-util,351,1,250,2,7,0,0.0,0,7,42.285714285714285,73
jdereg/java-util,152,1,1,5,1,0,0.0,0,1,66.0,66
OpenHFT/Chronicle-Threads,275,1,99,74,1,0,0.0,0,1,55.0,55
OpenHFT/Chronicle-Threads,282,1,42,12,1,0,0.0,0,1,75.0,75
jdereg/java-util,360,1,33,14,2,0,0.0,0,2,32.5,53
jdereg/java-util,270,1,33,0,2,0,0.0,0,2,45.5,79
OpenHFT/Java-Thread-Affinity,139,1,19,0,1,0,0.0,0,1,11.0,11
OpenHFT/Java-Thread-Affinity,141,1,15,1,1,0,0.0,0,1,11.0,11
OpenHFT/Java-Thread-Affinity,150,1,21,0,1,0,0.0,0,1,65.0,65
jdereg/json-io,418,1,13,6,2,0,0.0,0,2,38.0,64
OpenHFT/Chronicle-Threads,277,1,56,4,1,0,0.0,0,1,59.0,59
OpenHFT/Chronicle-Threads,280,1,27,18,1,0,0.0,0,1,59.0,59
Camelcade/Perl5-IDEA,3004,1,5,5,2,4,0.0,0,2,72.5,73
Stirling-Tools/Stirling-PDF,3557,2,191,0,3,0,2.0,0,3,66.66666666666667,74
OpenHFT/Chronicle-Wire,1100,2,128,104,16,0,0.0,0,16,34.375,71
jdereg/java-util,277,1,8,0,2,0,0.0,0,2,47.0,82
traccar/traccar,5570,1,74,30,1,0,0.0,0,1,12.0,12
OpenHFT/Java-Thread-Affinity,167,1,11,0,1,0,0.0,0,1,65.0,65
OpenHFT/Java-Thread-Affinity,169,1,4,4,1,0,0.0,0,1,65.0,65
OpenHFT/Chronicle-Values,92,1,13,5,1,0,0.0,0,1,68.0,68
OpenHFT/Chronicle-Values,104,1,30,2,1,0,0.0,0,1,68.0,68
OpenHFT/Chronicle-Values,109,1,84,0,1,0,0.0,0,1,62.0,62
OpenHFT/Chronicle-Values,123,1,35,0,1,0,0.0,0,1,81.0,81
OpenHFT/Chronicle-Values,135,1,11,0,1,0,0.0,0,1,59.0,59
OpenHFT/Chronicle-Values,136,1,5,0,1,0,0.0,0,1,58.0,58
OpenHFT/Chronicle-Values,138,1,17,5,1,0,0.0,0,1,65.0,65
OpenHFT/Chronicle-Values,142,1,8,6,1,0,0.0,0,1,58.0,58
OpenHFT/Chronicle-Values,144,1,18,6,1,0,0.0,0,1,62.0,62
OpenHFT/Chronicle-Values,148,1,10,0,1,0,0.0,0,1,67.0,67
OpenHFT/Chronicle-Values,150,1,8,6,1,0,0.0,0,1,70.0,70
OpenHFT/Chronicle-Values,153,1,11,1,1,0,0.0,0,1,53.0,53
jdereg/json-io,325,1,60,1,3,0,0.0,0,3,56.666666666666664,80
jdereg/json-io,328,1,60,0,2,0,0.0,0,2,36.5,61
jdereg/json-io,332,2,7,0,1,0,0.0,0,1,76.0,76
USS-Shenzhou/MadParticle,18,1,3,0,2,0,0.0,0,2,47.5,83
halilozel1903/AndroidTVMovieParadise,8,1,61,28,4,0,0.0,0,4,62.5,82
halilozel1903/AndroidTVMovieParadise,21,1,5,1,2,0,0.0,0,2,44.5,51
jdereg/java-util,317,2,27,12,3,0,0.0,0,3,51.0,79
jdereg/java-util,318,1,12,1,2,0,0.0,0,2,37.0,62
jdereg/java-util,319,1,4,2,2,0,0.0,0,2,31.0,50
jdereg/java-util,320,1,25,8,3,0,0.0,0,3,24.666666666666668,50
VerisimilitudeX/DNAnalyzer,524,2,163,48,10,1,0.0,0,10,48.7,59
VerisimilitudeX/DNAnalyzer,525,2,58,6,8,1,0.0,0,8,41.75,55
jdereg/json-io,409,1,13,4,2,0,0.0,0,2,45.5,79
jdereg/java-util,225,2,27,3,1,0,0.0,0,1,64.0,64
OpenHFT/Java-Thread-Affinity,140,1,14,0,1,0,0.0,0,1,11.0,11
OpenHFT/Java-Thread-Affinity,148,1,25,0,1,0,0.0,0,1,70.0,70
OpenHFT/Chronicle-Wire,1096,1,20,94,1,0,0.0,0,1,24.0,24
VerisimilitudeX/DNAnalyzer,502,2,13,17,1,0,0.0,0,1,63.0,63
VerisimilitudeX/DNAnalyzer,506,2,157,1,4,0,0.0,0,4,29.75,44
SimonHalvdansson/Harmonic-HN,212,1,4,3,1,0,0.0,0,1,72.0,72
jdereg/json-io,330,1,5,1,2,0,0.0,0,2,34.0,56
jdereg/json-io,331,1,2,1,2,0,0.0,0,2,34.0,56
jdereg/json-io,333,2,6,7,2,0,0.0,0,2,34.0,56
jdereg/json-io,336,1,2,1,2,0,0.0,0,2,34.0,56
OpenHFT/Chronicle-Logger,144,1,22,0,1,0,0.0,0,1,88.0,88
OpenHFT/Chronicle-Logger,145,1,17,0,1,0,0.0,0,1,77.0,77
OpenHFT/Chronicle-Logger,147,1,23,8,1,0,0.0,0,1,92.0,92
OpenHFT/Chronicle-Logger,149,1,24,15,1,0,0.0,0,1,89.0,89
OpenHFT/Chronicle-Logger,154,1,47,4,1,0,0.0,0,1,85.0,85
OpenHFT/Chronicle-Logger,157,1,48,20,1,0,0.0,0,1,85.0,85
OpenHFT/Chronicle-Logger,159,1,27,1,1,0,0.0,0,1,87.0,87
OpenHFT/Chronicle-Logger,160,1,34,0,1,0,0.0,0,1,95.0,95
OpenHFT/Chronicle-Logger,166,1,27,0,1,0,0.0,0,1,78.0,78
OpenHFT/Chronicle-Logger,170,1,4,0,1,0,0.0,0,1,81.0,81
OpenHFT/Chronicle-Logger,171,1,2,2,1,0,0.0,0,1,92.0,92
OpenHFT/Chronicle-Logger,172,1,1,0,1,0,0.0,0,1,91.0,91
OpenHFT/Chronicle-Logger,173,1,1,1,1,0,0.0,0,1,91.0,91
OpenHFT/Chronicle-Logger,174,1,3,2,1,0,0.0,0,1,84.0,84
OpenHFT/Chronicle-Logger,175,1,2,2,1,0,0.0,0,1,84.0,84
OpenHFT/Chronicle-Logger,177,1,2,0,1,0,0.0,0,1,91.0,91
OpenHFT/Chronicle-Logger,178,1,1,1,1,0,0.0,0,1,88.0,88
OpenHFT/Chronicle-Logger,181,1,11,2,1,0,0.0,0,1,59.0,59
OpenHFT/Chronicle-Logger,185,1,10,2,1,0,0.0,0,1,61.0,61
OpenHFT/Chronicle-Logger,189,1,16,0,1,0,0.0,0,1,88.0,88
OpenHFT/Chronicle-Wire,1122,1,33,4,1,0,0.0,0,1,65.0,65
OpenHFT/Chronicle-Wire,1123,1,6,5,1,0,0.0,0,1,72.0,72
OpenHFT/Chronicle-Wire,1124,1,40,32,1,0,0.0,0,1,75.0,75
OpenHFT/Chronicle-Wire,1125,2,64,49,1,0,0.0,0,1,75.0,75
OpenHFT/Chronicle-Wire,1126,1,22,19,2,0,0.0,0,2,67.0,68
OpenHFT/Chronicle-Wire,1127,1,66,133,1,0,0.0,0,1,66.0,66
OpenHFT/Chronicle-Wire,1128,1,18,7,1,0,0.0,0,1,60.0,60
OpenHFT/Chronicle-Wire,1129,1,42,9,1,0,0.0,0,1,68.0,68
OpenHFT/Chronicle-Wire,1130,1,43,33,1,0,0.0,0,1,66.0,66
OpenHFT/Chronicle-Wire,1132,1,212,326,1,0,0.0,0,1,65.0,65
OpenHFT/Chronicle-Wire,1133,1,20,8,3,0,0.0,0,3,72.66666666666667,73
OpenHFT/Chronicle-Wire,1134,1,31,14,1,0,0.0,0,1,76.0,76
OpenHFT/Chronicle-Wire,1135,1,10,10,1,0,0.0,0,1,71.0,71
jdereg/json-io,318,1,6,49,4,0,0.0,0,4,40.0,50
jdereg/json-io,317,1,7,3,4,0,0.0,0,4,40.0,50
JetBrains/psiviewer,106,1,1,1,1,1,0.0,0,1,60.0,60
jdereg/java-util,292,1,28,0,2,0,0.0,0,2,38.0,64
jdereg/java-util,299,1,65,0,2,0,0.0,0,2,47.0,82
jdereg/java-util,300,2,69,3,2,0,0.0,0,2,43.5,75
jdereg/java-util,302,1,69,0,2,0,0.0,0,2,44.0,76
jdereg/java-util,303,1,57,0,1,0,0.0,0,1,81.0,81
OpenHFT/Chronicle-Logger,142,1,65,3,1,0,0.0,0,1,50.0,50
OpenHFT/Chronicle-Threads,312,1,9,0,1,0,0.0,0,1,70.0,70
OpenHFT/Chronicle-Threads,313,1,4,0,1,0,0.0,0,1,69.0,69
OpenHFT/Chronicle-Threads,314,1,12,0,1,0,0.0,0,1,63.0,63
OpenHFT/Chronicle-Threads,315,1,8,0,1,0,0.0,0,1,79.0,79
OpenHFT/Chronicle-Threads,316,1,9,0,1,0,0.0,0,1,63.0,63
OpenHFT/Chronicle-Threads,317,1,4,0,1,0,0.0,0,1,61.0,61
OpenHFT/Chronicle-Threads,318,1,8,0,1,0,0.0,0,1,68.0,68
OpenHFT/Chronicle-Threads,319,1,13,0,1,0,0.0,0,1,63.0,63
OpenHFT/Chronicle-Threads,320,1,9,0,1,0,0.0,0,1,68.0,68
OpenHFT/Chronicle-Threads,321,1,10,0,1,0,0.0,0,1,59.0,59
OpenHFT/Chronicle-Threads,322,1,19,0,1,0,0.0,0,1,66.0,66
OpenHFT/Chronicle-Threads,323,1,6,0,1,0,0.0,0,1,63.0,63
OpenHFT/Chronicle-Threads,324,1,8,0,1,0,0.0,0,1,66.0,66
OpenHFT/Chronicle-Threads,325,1,9,0,1,0,0.0,0,1,79.0,79
plantuml/plantuml,2210,2,2,2,2,0,0.0,0,2,60.5,63
jdereg/json-io,414,1,14,15,2,0,0.0,0,2,38.0,64
jdereg/json-io,416,1,3,3,2,0,0.0,0,2,38.0,64
jdereg/java-util,153,1,4,4,1,0,0.0,0,1,55.0,55
apache/pinot,16030,1,1,1,1,1,0.0,0,1,100.0,100
jdereg/java-util,335,1,79,0,6,0,0.0,0,6,43.5,64
jdereg/java-util,336,1,52,0,2,0,0.0,0,2,40.0,68
jdereg/java-util,120,1,9,6,1,0,0.0,0,1,59.0,59
jdereg/java-util,123,1,2,2,1,0,0.0,0,1,61.0,61
jdereg/java-util,126,1,28,11,2,0,0.0,0,2,32.0,52
jdereg/java-util,129,1,2,2,1,0,0.0,0,1,12.0,12
DataDog/dd-trace-java,8984,1,10,1,2,2,0.0,0,2,90.0,94
jdereg/java-util,159,1,45,2,3,0,0.0,0,3,53.333333333333336,76
jdereg/java-util,161,1,4,5,1,0,0.0,0,1,55.0,55
jdereg/java-util,165,1,28,8,2,0,0.0,0,2,60.5,71
jdereg/java-util,170,1,9,2,1,0,0.0,0,1,54.0,54
jdereg/java-util,171,1,45,10,3,0,0.0,0,3,25.666666666666668,53
jdereg/java-util,172,1,39,25,4,0,0.0,0,4,40.5,71
jdereg/java-util,173,2,55,38,3,0,0.0,0,3,51.666666666666664,72
jdereg/java-util,134,1,212,1,5,0,0.0,0,5,54.2,57
jdereg/json-io,316,1,47,7,4,0,0.0,0,4,40.0,50
jdereg/java-util,174,1,58,11,1,0,0.0,0,1,56.0,56
jdereg/json-io,402,1,4,1,2,0,0.0,0,2,41.0,70
jdereg/json-io,403,1,11,0,2,0,0.0,0,2,31.5,51
jdereg/java-util,343,1,166,81,7,0,0.0,0,7,43.714285714285715,61
jdereg/java-util,163,1,2,1,1,0,0.0,0,1,71.0,71
halilozel1903/AndroidTVMovieParadise,18,1,2,2,1,0,0.0,0,1,76.0,76
halilozel1903/AndroidTVMovieParadise,25,1,21,1,1,0,0.0,0,1,74.0,74
jdereg/java-util,167,1,45,5,2,0,0.0,0,2,52.0,54
jdereg/java-util,345,1,6,0,2,0,0.0,0,2,12.0,12
jdereg/json-io,334,2,38,0,2,0,0.0,0,2,36.5,61
jdereg/json-io,335,2,37,3,2,0,0.0,0,2,45.0,78
jdereg/json-io,337,2,29,0,1,0,0.0,0,1,60.0,60
jdereg/json-io,338,2,7,0,1,0,0.0,0,1,71.0,71
jdereg/json-io,341,2,113,0,1,0,0.0,0,1,79.0,79
jdereg/json-io,342,1,33,0,2,0,0.0,0,2,40.5,69
jdereg/json-io,343,1,61,0,2,0,0.0,0,2,46.0,80
jdereg/json-io,344,2,142,1,2,0,0.0,0,2,45.5,79
jdereg/json-io,345,2,71,1,2,0,0.0,0,2,41.0,70
jdereg/json-io,346,1,113,0,2,0,0.0,0,2,37.0,62
jdereg/json-io,359,1,108,0,2,0,0.0,0,2,36.5,61
jdereg/json-io,360,2,27,1,2,0,0.0,0,2,39.5,67
jdereg/java-util,224,1,2,1,2,0,0.0,0,2,38.0,64
jdereg/java-util,222,2,90,0,1,0,0.0,0,1,73.0,73
jdereg/java-util,223,1,183,0,2,0,0.0,0,2,45.5,79
jdereg/java-util,226,2,15,0,1,0,0.0,0,1,54.0,54
jdereg/java-util,227,2,13,0,1,0,0.0,0,1,75.0,75
jdereg/java-util,228,1,69,0,2,0,0.0,0,2,35.5,59
jdereg/java-util,229,2,137,0,1,0,0.0,0,1,58.0,58
jdereg/java-util,231,2,51,0,1,0,0.0,0,1,59.0,59
jdereg/java-util,232,2,193,0,1,0,0.0,0,1,67.0,67
jdereg/java-util,233,2,31,0,1,0,0.0,0,1,79.0,79
jdereg/java-util,234,1,46,0,1,0,0.0,0,1,59.0,59
jdereg/java-util,235,2,36,0,1,0,0.0,0,1,61.0,61
jdereg/java-util,236,2,63,0,1,0,0.0,0,1,54.0,54
jdereg/java-util,239,2,70,1,1,0,0.0,0,1,57.0,57
jdereg/java-util,240,2,28,0,1,0,0.0,0,1,55.0,55
jdereg/java-util,241,1,31,0,1,0,0.0,0,1,59.0,59
jdereg/java-util,242,2,48,0,1,0,0.0,0,1,52.0,52
jdereg/java-util,243,2,166,0,1,0,0.0,0,1,58.0,58
jdereg/json-io,313,1,25,10,3,0,0.0,0,3,47.333333333333336,65
Camelcade/Perl5-IDEA,3003,1,1,1,1,4,0.0,0,1,73.0,73
jdereg/java-util,337,1,3,1,2,0,0.0,0,2,40.0,68
OpenHFT/Chronicle-Wire,1097,1,9,5,5,0,0.0,0,5,30.8,40
OpenHFT/Chronicle-Wire,1098,2,109,89,9,0,0.0,0,9,30.22222222222222,40
OpenHFT/Chronicle-Wire,1099,1,10,0,2,0,0.0,0,2,17.5,24
jdereg/json-io,339,1,12,4,2,0,0.0,0,2,34.0,56
jdereg/json-io,340,2,2,10,1,0,0.0,0,1,56.0,56
jdereg/json-io,348,1,14,1,2,0,0.0,0,2,38.5,65
jdereg/json-io,349,1,3,2,2,0,0.0,0,2,38.5,65
jdereg/json-io,350,1,3,1,2,0,0.0,0,2,38.5,65
jdereg/json-io,351,1,3,1,2,0,0.0,0,2,34.0,56
jdereg/json-io,352,1,11,1,2,0,0.0,0,2,38.5,65
OpenHFT/Java-Thread-Affinity,138,1,14,1,1,0,0.0,0,1,11.0,11
OpenHFT/Java-Thread-Affinity,142,2,20,1,1,0,0.0,0,1,11.0,11
OpenHFT/Chronicle-Bytes,682,1,34,9,4,0,0.0,0,4,53.5,72
OpenHFT/Chronicle-Bytes,683,3,20,6,3,0,0.0,0,3,52.333333333333336,67
OpenHFT/Chronicle-Bytes,684,1,10,3,1,0,0.0,0,1,57.0,57
OpenHFT/Chronicle-Bytes,685,1,10,7,4,0,0.0,0,4,69.75,73
OpenHFT/Chronicle-Bytes,687,2,84,45,4,0,0.0,0,4,51.25,66
SimonHalvdansson/Harmonic-HN,216,2,236,21,7,0,0.0,0,7,61.857142857142854,88
operaton/operaton,911,2,31,94,5,1,2.0,1,5,102.4,117
jdereg/java-util,252,1,98,0,4,0,0.0,0,4,50.0,64
jdereg/java-util,253,1,53,0,2,0,0.0,0,2,42.0,72
jdereg/java-util,255,1,61,0,2,0,0.0,0,2,39.5,67
jdereg/java-util,256,2,55,3,2,0,0.0,0,2,47.0,82
jdereg/java-util,258,2,80,1,2,0,0.0,0,2,41.0,70
halilozel1903/AndroidTVMovieParadise,23,1,817,0,14,0,0.0,0,14,73.28571428571429,90
halilozel1903/AndroidTVMovieParadise,24,1,108,8,1,0,0.0,0,1,72.0,72
OpenHFT/Chronicle-Threads,279,1,30,41,1,0,0.0,0,1,59.0,59
OpenHFT/Chronicle-Threads,281,1,22,6,1,0,0.0,0,1,65.0,65
OpenHFT/Chronicle-Threads,283,1,22,1,1,0,0.0,0,1,65.0,65
OpenHFT/Chronicle-Threads,287,1,24,0,1,0,0.0,0,1,67.0,67
OpenHFT/Chronicle-Threads,295,1,19,15,1,0,0.0,0,1,60.0,60
OpenHFT/Chronicle-Threads,298,1,17,0,1,0,0.0,0,1,69.0,69
OpenHFT/Chronicle-Threads,299,1,26,0,1,0,0.0,0,1,69.0,69
OpenHFT/Chronicle-Threads,300,1,10,4,1,0,0.0,0,1,59.0,59
OpenHFT/Chronicle-Threads,301,1,5,0,1,0,0.0,0,1,62.0,62
OpenHFT/Chronicle-Threads,302,1,29,0,1,0,0.0,0,1,62.0,62
OpenHFT/Chronicle-Threads,303,1,23,0,1,0,0.0,0,1,69.0,69
OpenHFT/Chronicle-Threads,304,1,42,0,1,0,0.0,0,1,61.0,61
OpenHFT/Chronicle-Threads,305,1,48,0,1,0,0.0,0,1,56.0,56
OpenHFT/Chronicle-Threads,306,1,27,0,1,0,0.0,0,1,78.0,78
OpenHFT/Chronicle-Threads,307,1,25,0,1,0,0.0,0,1,77.0,77
OpenHFT/Chronicle-Threads,308,1,18,1,1,0,0.0,0,1,71.0,71
OpenHFT/Chronicle-Threads,309,1,4,0,1,0,0.0,0,1,70.0,70
OpenHFT/Chronicle-Threads,310,1,5,0,1,0,0.0,0,1,69.0,69
OpenHFT/Chronicle-Threads,311,1,4,0,1,0,0.0,0,1,74.0,74
OpenHFT/Java-Thread-Affinity,149,1,27,0,1,0,0.0,0,1,65.0,65
VerisimilitudeX/DNAnalyzer,535,2,65,3,5,0,0.0,0,5,23.0,31
jdereg/java-util,304,1,33,0,2,0,0.0,0,2,46.5,81
jdereg/java-util,306,1,23,0,2,0,0.0,0,2,46.5,81
jdereg/java-util,310,1,78,0,1,0,0.0,0,1,63.0,63
jdereg/java-util,311,1,77,0,2,0,0.0,0,2,51.5,91
jdereg/java-util,312,2,57,3,2,0,0.0,0,2,40.5,69
jdereg/java-util,313,1,19,0,2,0,0.0,0,2,39.0,66
jdereg/java-util,314,1,33,0,2,0,0.0,0,2,46.0,80
jdereg/java-util,316,1,79,0,2,0,0.0,0,2,38.0,64
SimonHalvdansson/Harmonic-HN,220,8,166,3,6,0,0.0,0,6,54.5,85
OpenHFT/Java-Thread-Affinity,151,1,46,0,1,0,0.0,0,1,75.0,75
jdereg/json-io,311,1,99,1,5,0,0.0,0,5,40.6,65
OpenHFT/Java-Thread-Affinity,143,1,6,0,1,0,0.0,0,1,11.0,11
OpenHFT/Java-Thread-Affinity,156,1,42,8,2,0,0.0,0,2,64.0,66
OpenHFT/Java-Thread-Affinity,161,1,3,3,3,0,0.0,0,3,68.66666666666667,72
jdereg/json-io,394,1,134,0,3,0,0.0,0,3,38.333333333333336,52
jdereg/json-io,398,1,112,0,2,0,0.0,0,2,41.0,70
OpenHFT/Chronicle-Values,125,1,18,3,1,0,0.0,0,1,54.0,54
OpenHFT/Chronicle-Values,130,1,9,0,1,0,0.0,0,1,72.0,72
OpenHFT/Chronicle-Values,133,1,2,0,1,0,0.0,0,1,39.0,39
OpenHFT/Chronicle-Values,140,1,5,0,1,0,0.0,0,1,55.0,55
OpenHFT/Chronicle-Values,146,1,4,3,1,0,0.0,0,1,63.0,63
OpenHFT/Chronicle-Values,149,1,7,1,1,0,0.0,0,1,58.0,58
OpenHFT/Chronicle-Values,154,1,7,0,1,0,0.0,0,1,54.0,54
OpenHFT/Java-Runtime-Compiler,149,1,8,2,1,0,0.0,0,1,60.0,60
OpenHFT/Java-Runtime-Compiler,153,1,15,12,1,0,0.0,0,1,11.0,11
OpenHFT/Java-Runtime-Compiler,158,1,3,2,1,0,0.0,0,1,31.0,31
jdereg/java-util,260,1,3,0,2,0,0.0,0,2,34.0,56
xpinjection/test-driven-spring-boot,11,1,3,3,2,1,0.0,0,2,70.0,71
OpenHFT/Chronicle-Values,139,1,6,1,1,0,0.0,0,1,65.0,65
jdereg/json-io,411,1,20,0,2,0,0.0,0,2,39.0,66
jdereg/java-util,329,2,74,0,2,0,0.0,0,2,41.5,71
jdereg/java-util,333,1,81,0,2,0,0.0,0,2,51.0,90
OpenHFT/Chronicle-Values,62,1,27,29,1,0,0.0,0,1,53.0,53
OpenHFT/Chronicle-Values,72,1,2,2,1,0,0.0,0,1,61.0,61
OpenHFT/Chronicle-Values,76,1,2,0,1,0,0.0,0,1,11.0,11
OpenHFT/Chronicle-Values,78,1,4,0,1,0,0.0,0,1,55.0,55
jdereg/java-util,175,1,54,13,2,0,0.0,0,2,57.0,59
jdereg/java-util,176,1,131,17,1,0,0.0,0,1,56.0,56
jdereg/java-util,179,1,12,2,2,0,0.0,0,2,33.5,55
jdereg/java-util,181,2,5,28,2,0,0.0,0,2,35.5,59
jdereg/java-util,182,2,33,11,2,0,0.0,0,2,34.0,56
jdereg/java-util,183,1,184,31,4,0,0.0,0,4,35.25,61
jdereg/java-util,184,2,145,62,5,0,0.0,0,5,37.2,57
jdereg/java-util,185,2,87,35,5,0,0.0,0,5,39.0,61
freeplane/freeplane,2537,2,5,5,1,0,0.0,0,1,67.0,67
jdereg/java-util,326,1,97,68,5,0,0.0,0,5,40.2,67
jdereg/json-io,314,1,14,2,2,0,0.0,0,2,12.5,13
jdereg/java-util,127,1,162,26,2,0,0.0,0,2,56.5,61
OpenHFT/Java-Runtime-Compiler,160,1,6,0,1,0,0.0,0,1,40.0,40
OpenHFT/Chronicle-Values,156,2,0,0,0,0,0.0,0,0,0.0,0
OpenHFT/Chronicle-Values,157,1,13,10,1,0,0.0,0,1,65.0,65
OpenHFT/Chronicle-Core,768,1,26,23,1,0,0.0,0,1,70.0,70
OpenHFT/Chronicle-Core,774,2,37,39,3,0,0.0,0,3,65.0,70
OpenHFT/Chronicle-Core,799,1,14,25,3,0,0.0,0,3,55.0,60
jdereg/java-util,133,1,3,0,1,0,0.0,0,1,64.0,64
jdereg/java-util,195,1,6,4,2,0,0.0,0,2,31.5,51
jdereg/java-util,196,1,4,1,2,0,0.0,0,2,33.5,55
jdereg/java-util,197,1,8,3,2,0,0.0,0,2,31.5,51
OpenHFT/Chronicle-Bytes,678,1,10,6,1,0,0.0,0,1,74.0,74
OpenHFT/Chronicle-Bytes,680,1,6,3,1,0,0.0,0,1,62.0,62
OpenHFT/Chronicle-Wire,1101,1,98,44,1,0,0.0,0,1,54.0,54
OpenHFT/Chronicle-Wire,1102,1,44,16,1,0,0.0,0,1,63.0,63
OpenHFT/Chronicle-Wire,1103,1,43,17,1,0,0.0,0,1,64.0,64
OpenHFT/Chronicle-Wire,1104,1,54,4,1,0,0.0,0,1,62.0,62
OpenHFT/Chronicle-Wire,1105,1,71,8,1,0,0.0,0,1,53.0,53
OpenHFT/Chronicle-Wire,1106,1,95,36,1,0,0.0,0,1,53.0,53
OpenHFT/Chronicle-Wire,1107,1,98,27,1,0,0.0,0,1,55.0,55
OpenHFT/Chronicle-Wire,1108,1,23,5,1,0,0.0,0,1,61.0,61
OpenHFT/Chronicle-Wire,1110,1,11,9,1,0,0.0,0,1,58.0,58
OpenHFT/Chronicle-Wire,1111,1,69,96,1,0,0.0,0,1,72.0,72
OpenHFT/Chronicle-Wire,1112,1,52,23,1,0,0.0,0,1,83.0,83
OpenHFT/Chronicle-Wire,1113,1,37,29,1,0,0.0,0,1,83.0,83
OpenHFT/Chronicle-Wire,1114,1,33,13,1,0,0.0,0,1,81.0,81
OpenHFT/Chronicle-Wire,1115,1,35,22,1,0,0.0,0,1,79.0,79
OpenHFT/Chronicle-Wire,1116,1,76,172,1,0,0.0,0,1,66.0,66
OpenHFT/Chronicle-Wire,1117,1,51,74,1,0,0.0,0,1,67.0,67
OpenHFT/Chronicle-Wire,1118,1,53,5,1,0,0.0,0,1,85.0,85
OpenHFT/Chronicle-Wire,1119,1,21,23,1,0,0.0,0,1,75.0,75
OpenHFT/Chronicle-Wire,1120,1,9,5,1,0,0.0,0,1,77.0,77
OpenHFT/Chronicle-Bytes,663,1,315,192,13,0,0.0,0,13,71.23076923076923,85
OpenHFT/Chronicle-Bytes,664,1,205,346,6,0,0.0,0,6,63.833333333333336,87
OpenHFT/Chronicle-Bytes,666,1,104,140,5,0,0.0,0,5,69.0,81
OpenHFT/Chronicle-Bytes,667,1,170,295,13,0,0.0,0,13,66.15384615384616,80
OpenHFT/Chronicle-Bytes,668,1,181,265,12,0,0.0,0,12,61.083333333333336,71
OpenHFT/Chronicle-Bytes,670,1,170,190,12,0,0.0,0,12,64.16666666666667,76
OpenHFT/Chronicle-Bytes,671,1,171,17,5,0,0.0,0,5,71.2,73
OpenHFT/Chronicle-Bytes,672,1,15,0,1,0,0.0,0,1,65.0,65
OpenHFT/Chronicle-Bytes,673,2,211,117,15,0,0.0,0,15,71.26666666666667,83
OpenHFT/Chronicle-Bytes,675,1,169,176,5,0,0.0,0,5,38.2,60
DataDog/dd-trace-java,8985,1,0,32,2,2,2.0,0,2,40.5,54
Camelcade/Perl5-IDEA,3005,5,77,710,2,3,0.0,0,2,68.0,73
VerisimilitudeX/DNAnalyzer,529,3,69,5,5,1,0.0,1,5,40.0,59
jdereg/java-util,269,1,78,0,2,0,0.0,0,2,49.5,87
Stirling-Tools/Stirling-PDF,3989,1,4,4,2,1,4.0,3,2,59.0,59
OpenHFT/Chronicle-Wire,1185,2,72,152,2,0,0.0,0,2,64.5,69
OpenHFT/Chronicle-Wire,1186,2,35,10,2,0,0.0,0,2,64.5,69
OpenHFT/Chronicle-Wire,1187,2,28,3,2,0,0.0,0,2,64.5,69
OpenHFT/Chronicle-Wire,1188,2,64,139,1,0,0.0,0,1,69.0,69
OpenHFT/Chronicle-Wire,1189,2,34,25,2,0,0.0,0,2,68.0,69
OpenHFT/Chronicle-Wire,1190,2,110,175,2,0,0.0,0,2,64.5,69
OpenHFT/Chronicle-Wire,1191,2,24,6,2,0,0.0,0,2,74.0,79
OpenHFT/Chronicle-Wire,1192,2,24,6,2,0,0.0,0,2,74.0,79
OpenHFT/Chronicle-Wire,1193,2,128,130,2,0,0.0,0,2,56.5,59
OpenHFT/Chronicle-Wire,1194,2,72,152,2,0,0.0,0,2,64.5,69
OpenHFT/Chronicle-Threads,276,1,29,4,1,0,0.0,0,1,62.0,62
OpenHFT/Chronicle-Threads,278,1,129,2,1,0,0.0,0,1,66.0,66
OpenHFT/Chronicle-Threads,284,1,21,6,1,0,0.0,0,1,64.0,64
OpenHFT/Chronicle-Threads,285,1,19,2,1,0,0.0,0,1,66.0,66
OpenHFT/Chronicle-Threads,286,1,20,4,1,0,0.0,0,1,65.0,65
OpenHFT/Chronicle-Threads,289,1,34,2,1,0,0.0,0,1,66.0,66
OpenHFT/Chronicle-Threads,290,1,12,6,1,0,0.0,0,1,67.0,67
OpenHFT/Chronicle-Threads,293,1,20,13,1,0,0.0,0,1,63.0,63
OpenHFT/Chronicle-Threads,294,1,28,16,2,0,0.0,0,2,61.5,64
OpenHFT/Chronicle-Threads,296,1,76,8,3,0,0.0,0,3,45.333333333333336,63
OpenHFT/Chronicle-Threads,297,1,44,0,2,0,0.0,0,2,67.5,71
jdereg/java-util,289,1,42,21,3,0,0.0,0,3,38.666666666666664,52
halilozel1903/AndroidTVMovieParadise,20,1,20,36,5,0,0.0,0,5,31.2,76
jdereg/java-util,200,1,29,0,3,0,0.0,0,3,11.0,12
OpenHFT/Chronicle-Values,141,1,7,4,1,0,0.0,0,1,53.0,53
OpenHFT/Chronicle-Values,147,1,14,3,1,0,0.0,0,1,65.0,65
JetBrains/psiviewer,104,1,3,2,1,1,0.0,0,1,53.0,53
jdereg/java-util,342,1,3,11,2,0,0.0,0,2,38.0,64
OpenHFT/Java-Thread-Affinity,147,1,30,0,1,0,0.0,0,1,57.0,57
VerisimilitudeX/DNAnalyzer,534,2,322,2,9,1,0.0,0,9,36.77777777777778,70
VerisimilitudeX/DNAnalyzer,539,1,93,0,4,0,0.0,0,4,33.25,49
jdereg/json-io,326,2,88,8,3,0,0.0,0,3,45.666666666666664,64
SimonHalvdansson/Harmonic-HN,217,4,277,0,9,0,0.0,0,9,54.666666666666664,80
operaton/operaton,891,1,475,521,44,1,0.0,0,44,101.77272727272727,131
jdereg/java-util,279,1,1,49,2,0,0.0,0,2,41.5,71
jdereg/java-util,284,1,24,0,2,0,0.0,0,2,47.5,83
VerisimilitudeX/DNAnalyzer,530,1,172,1,9,0,0.0,0,9,48.55555555555556,86
jdereg/java-util,275,1,23,0,2,0,0.0,0,2,45.5,79
OpenHFT/Chronicle-Core,791,1,8,0,1,0,0.0,0,1,74.0,74
jdereg/java-util,285,1,16,0,2,0,0.0,0,2,39.5,67
jdereg/java-util,287,2,65,10,2,0,0.0,0,2,43.5,75
xpinjection/test-driven-spring-boot,13,1,15,1,4,1,0.0,0,4,56.0,79
jdereg/java-util,355,1,3,2,2,0,0.0,0,2,36.5,61
VerisimilitudeX/DNAnalyzer,500,1,1,1,1,0,0.0,0,1,9.0,9
cwuom/ono,3,1,4,4,1,0,0.0,0,1,51.0,51
jdereg/java-util,268,2,1,2,2,0,0.0,0,2,47.0,82
jdereg/java-util,267,1,11,0,2,0,0.0,0,2,41.5,71
OpenHFT/Chronicle-Core,790,1,10,1,1,0,0.0,0,1,66.0,66
jdereg/json-io,413,1,18,8,3,0,0.0,0,3,42.0,58
apache/pinot,16078,3,49,0,3,2,4.0,2,3,62.0,65
OpenHFT/Chronicle-Core,815,1,37,1,3,0,0.0,0,3,37.0,48
jdereg/json-io,309,1,86,8,6,0,0.0,0,6,52.666666666666664,64
SimonHalvdansson/Harmonic-HN,219,1,25,3,2,0,0.0,0,2,74.0,80
traccar/traccar,5557,1,9,1,1,0,0.0,0,1,12.0,12
halilozel1903/AndroidTVMovieParadise,9,1,9,0,2,0,0.0,0,2,10.5,12
halilozel1903/AndroidTVMovieParadise,11,1,29,2,2,0,0.0,0,2,76.0,76
halilozel1903/AndroidTVMovieParadise,12,1,4,4,2,0,0.0,0,2,40.5,43
halilozel1903/AndroidTVMovieParadise,15,1,20,1,1,0,0.0,0,1,82.0,82
halilozel1903/AndroidTVMovieParadise,16,1,18,7,1,0,0.0,0,1,72.0,72
jdereg/java-util,332,1,57,0,2,0,0.0,0,2,43.5,75
OpenHFT/Chronicle-Values,69,1,39,3,2,0,0.0,0,2,40.5,70
halilozel1903/AndroidTVMovieParadise,22,1,40,5,5,0,0.0,0,5,69.4,78
jdereg/java-util,121,1,2,2,1,0,0.0,0,1,12.0,12
jdereg/java-util,262,2,30,1,2,0,0.0,0,2,42.5,73
jdereg/java-util,264,1,52,0,2,0,0.0,0,2,47.0,82
jdereg/json-io,384,1,3,2,2,0,0.0,0,2,36.5,61
jdereg/json-io,385,2,3,3,1,0,0.0,0,1,61.0,61
jdereg/json-io,386,2,3,1,2,0,0.0,0,2,36.5,61
jdereg/json-io,387,1,6,1,2,0,0.0,0,2,31.0,50
jdereg/json-io,388,2,4,2,2,0,0.0,0,2,36.5,61
jdereg/json-io,389,1,8,4,3,0,0.0,0,3,29.333333333333332,50
OpenHFT/Java-Thread-Affinity,145,1,14,0,1,0,0.0,0,1,11.0,11
VerisimilitudeX/DNAnalyzer,509,2,1,0,1,0,0.0,0,1,9.0,9
VerisimilitudeX/DNAnalyzer,511,2,159,1,6,0,0.0,0,6,39.0,55
VerisimilitudeX/DNAnalyzer,513,3,135,0,4,1,0.0,0,4,39.75,62
jdereg/java-util,352,1,55,27,2,0,0.0,0,2,32.5,53
operaton/operaton,903,1,2367,2239,127,1,0.0,0,127,109.68503937007874,134
SimonHalvdansson/Harmonic-HN,218,1,19,0,1,0,0.0,0,1,68.0,68
jdereg/java-util,203,1,55,6,4,0,0.0,0,4,22.0,55
jdereg/java-util,205,1,23,0,2,0,0.0,0,2,9.5,12
xpinjection/test-driven-spring-boot,16,1,21,0,1,0,0.0,0,1,7.0,7
jdereg/java-util,331,1,70,0,2,0,0.0,0,2,42.5,73
OpenHFT/Chronicle-Core,740,1,188,16,17,0,0.0,0,17,68.52941176470588,75
OpenHFT/Chronicle-Core,745,1,54,31,2,0,0.0,0,2,75.5,79
VerisimilitudeX/DNAnalyzer,520,3,175,0,5,1,0.0,0,5,42.0,56
jdereg/java-util,131,1,27,22,6,0,0.0,0,6,40.333333333333336,58
jdereg/java-util,132,1,9,0,1,0,0.0,0,1,12.0,12
OpenHFT/Chronicle-Values,155,1,14,11,1,0,0.0,0,1,53.0,53
OpenHFT/Chronicle-Values,158,1,10,8,1,0,0.0,0,1,59.0,59
jdereg/java-util,344,1,19,1,3,0,0.0,0,3,25.0,51
JetBrains/psiviewer,105,1,2,2,1,1,0.0,0,1,66.0,66
OpenHFT/Chronicle-Wire,1136,3,58,34,4,0,0.0,0,4,56.5,60
OpenHFT/Chronicle-Wire,1137,1,42,19,2,0,0.0,0,2,74.0,76
OpenHFT/Chronicle-Wire,1142,2,130,130,4,0,0.0,0,4,70.25,79
OpenHFT/Chronicle-Wire,1144,1,23,21,1,0,0.0,0,1,51.0,51
OpenHFT/Chronicle-Wire,1145,1,22,26,1,0,0.0,0,1,55.0,55
OpenHFT/Chronicle-Wire,1146,1,46,13,1,0,0.0,0,1,62.0,62
OpenHFT/Chronicle-Wire,1147,1,50,39,1,0,0.0,0,1,60.0,60
OpenHFT/Chronicle-Wire,1148,1,136,69,1,0,0.0,0,1,67.0,67
OpenHFT/Chronicle-Wire,1149,1,49,21,2,0,0.0,0,2,66.0,67
OpenHFT/Chronicle-Wire,1150,1,191,129,1,0,0.0,0,1,51.0,51
OpenHFT/Chronicle-Wire,1151,1,133,82,1,0,0.0,0,1,54.0,54
OpenHFT/Chronicle-Wire,1152,1,28,28,1,0,0.0,0,1,53.0,53
OpenHFT/Chronicle-Wire,1153,1,35,19,3,0,0.0,0,3,66.33333333333333,75
OpenHFT/Chronicle-Wire,1154,1,39,24,2,0,0.0,0,2,71.5,80
OpenHFT/Chronicle-Wire,1155,1,76,59,2,0,0.0,0,2,58.0,60
OpenHFT/Chronicle-Wire,1156,1,18,20,2,0,0.0,0,2,61.5,64
OpenHFT/Chronicle-Wire,1157,1,29,28,2,0,0.0,0,2,77.5,86
OpenHFT/Chronicle-Wire,1158,1,37,10,3,0,0.0,0,3,63.333333333333336,70
OpenHFT/Chronicle-Wire,1159,1,16,12,2,0,0.0,0,2,64.5,75
OpenHFT/Chronicle-Wire,1160,1,57,21,3,0,0.0,0,3,61.666666666666664,78
OpenHFT/Chronicle-Wire,1161,1,40,23,1,0,0.0,0,1,67.0,67
OpenHFT/Chronicle-Wire,1162,1,33,13,1,0,0.0,0,1,66.0,66
OpenHFT/Chronicle-Wire,1163,1,82,40,1,0,0.0,0,1,56.0,56
OpenHFT/Chronicle-Wire,1164,1,70,44,1,0,0.0,0,1,63.0,63
OpenHFT/Chronicle-Wire,1165,1,19,14,2,0,0.0,0,2,61.5,65
OpenHFT/Chronicle-Wire,1166,1,133,41,1,0,0.0,0,1,61.0,61
OpenHFT/Chronicle-Wire,1167,1,89,159,1,0,0.0,0,1,61.0,61
OpenHFT/Chronicle-Wire,1168,1,35,53,1,0,0.0,0,1,66.0,66
OpenHFT/Chronicle-Wire,1169,1,23,13,1,0,0.0,0,1,56.0,56
OpenHFT/Chronicle-Wire,1177,1,33,12,7,0,0.0,0,7,25.0,33
OpenHFT/Chronicle-Wire,1178,1,143,26,15,0,0.0,0,15,60.333333333333336,71
OpenHFT/Chronicle-Wire,1179,1,140,0,6,0,0.0,0,6,89.66666666666667,94
OpenHFT/Chronicle-Wire,1180,1,40,6,2,0,0.0,0,2,8.0,9
OpenHFT/Chronicle-Wire,1181,1,72,9,2,0,0.0,0,2,18.0,19
OpenHFT/Chronicle-Wire,1182,1,52,18,5,0,0.0,0,5,47.8,67
OpenHFT/Chronicle-Logger,148,1,25,0,1,0,0.0,0,1,85.0,85
OpenHFT/Chronicle-Logger,151,1,24,0,1,0,0.0,0,1,85.0,85
OpenHFT/Chronicle-Logger,156,1,17,0,1,0,0.0,0,1,87.0,87
OpenHFT/Chronicle-Logger,183,1,30,0,1,0,0.0,0,1,72.0,72
jdereg/json-io,319,1,25,0,2,0,0.0,0,2,9.5,12
Photon-GitHub/AntiCheatAddition,687,1,34,0,1,0,0.0,0,1,83.0,83
Photon-GitHub/AntiCheatAddition,688,1,122,0,5,0,0.0,0,5,63.2,81
xpinjection/test-driven-spring-boot,12,1,2,0,1,1,0.0,0,1,15.0,15
jdereg/java-util,290,1,41,0,3,0,0.0,0,3,55.333333333333336,83
VerisimilitudeX/DNAnalyzer,544,3,311,206,8,2,0.0,4,8,53.25,68
halilozel1903/AndroidTVMovieParadise,14,1,21,15,1,0,0.0,0,1,9.0,9
OpenHFT/Chronicle-Threads,291,1,35,18,1,0,0.0,0,1,21.0,21
operaton/operaton,913,1,153,5,4,3,10.0,10,4,93.0,104
jdereg/java-util,353,1,336,712,3,0,0.0,0,3,26.666666666666668,56
jdereg/java-util,164,1,4,31,2,0,0.0,0,2,31.0,50
jdereg/java-util,166,1,65,5,2,0,0.0,0,2,52.0,54
jdereg/java-util,169,2,25,7,2,0,0.0,0,2,52.0,54
xpinjection/test-driven-spring-boot,15,1,8,0,4,1,0.0,0,4,72.0,77
jdereg/java-util,334,1,3,2,2,0,0.0,0,2,51.0,90
VerisimilitudeX/DNAnalyzer,528,2,169,0,4,1,0.0,0,4,55.0,65
jdereg/json-io,396,1,36,0,2,0,0.0,0,2,36.0,60
OpenHFT/Chronicle-Core,788,1,6,6,1,0,0.0,0,1,63.0,63
OpenHFT/Chronicle-Core,793,1,19,0,1,0,0.0,0,1,54.0,54
jdereg/java-util,307,2,7,9,3,0,0.0,0,3,51.666666666666664,72
jdereg/java-util,308,1,10,7,3,0,0.0,0,3,51.666666666666664,72
jdereg/java-util,309,1,14,2,2,0,0.0,0,2,42.0,72
jdereg/java-util,130,1,11,0,1,0,0.0,0,1,56.0,56
jdereg/java-util,154,1,1,1,1,0,0.0,0,1,12.0,12
jdereg/java-util,155,1,2,26,1,0,0.0,0,1,60.0,60
jdereg/java-util,158,1,3,48,5,0,0.0,0,5,56.8,60
OpenHFT/Java-Thread-Affinity,165,1,25,0,1,0,0.0,0,1,64.0,64
OpenHFT/Java-Thread-Affinity,170,1,54,0,1,0,0.0,0,1,74.0,74
OpenHFT/Java-Thread-Affinity,171,1,64,0,1,0,0.0,0,1,67.0,67
OpenHFT/Chronicle-Bytes,679,1,42,8,2,0,0.0,0,2,74.5,75
jdereg/java-util,138,1,91,7,3,0,0.0,0,3,47.666666666666664,75
jdereg/java-util,137,1,12,1,2,0,0.0,0,2,10.5,12
OpenHFT/Java-Thread-Affinity,144,1,15,0,1,0,0.0,0,1,11.0,11
jdereg/json-io,395,1,18,0,2,0,0.0,0,2,37.5,63
VerisimilitudeX/DNAnalyzer,501,2,3,2,1,0,0.0,0,1,56.0,56
VerisimilitudeX/DNAnalyzer,503,2,12,2,2,0,0.0,0,2,48.0,50
jdereg/java-util,214,2,12,11,4,0,0.0,0,4,55.75,81
jdereg/java-util,216,1,4,2,2,0,0.0,0,2,46.5,81
jdereg/java-util,218,2,6,4,1,0,0.0,0,1,81.0,81
VerisimilitudeX/DNAnalyzer,519,3,95,0,2,1,0.0,0,2,29.5,50
VerisimilitudeX/DNAnalyzer,521,3,111,8,7,1,0.0,0,7,43.142857142857146,59
halilozel1903/AndroidTVMovieParadise,10,1,41,20,2,0,0.0,0,2,40.5,43
jdereg/java-util,119,1,73,22,4,0,0.0,0,4,57.0,60
jdereg/java-util,330,2,7,2,2,0,0.0,0,2,33.0,54
OpenHFT/Chronicle-Core,739,1,198,74,17,0,0.0,0,17,68.52941176470588,75
OpenHFT/Chronicle-Core,742,1,42,23,1,0,0.0,0,1,61.0,61
OpenHFT/Chronicle-Core,743,1,55,100,6,0,0.0,0,6,63.333333333333336,66
OpenHFT/Chronicle-Core,746,1,16,5,1,0,0.0,0,1,75.0,75
OpenHFT/Chronicle-Core,752,1,41,28,1,0,0.0,0,1,68.0,68
OpenHFT/Chronicle-Core,756,1,16,11,1,0,0.0,0,1,77.0,77
OpenHFT/Chronicle-Core,758,1,65,7,1,0,0.0,0,1,83.0,83
OpenHFT/Chronicle-Core,759,1,24,20,1,0,0.0,0,1,64.0,64
jdereg/java-util,280,1,23,0,2,0,0.0,0,2,41.5,71
OpenHFT/Java-Thread-Affinity,174,1,56,0,1,0,0.0,0,1,78.0,78
OpenHFT/Java-Thread-Affinity,166,1,33,0,1,0,0.0,0,1,80.0,80
traccar/traccar,5568,1,7,6,1,0,0.0,0,1,12.0,12
OpenHFT/Chronicle-Wire,1195,2,58,2,3,0,0.0,0,3,58.333333333333336,77
OpenHFT/Chronicle-Wire,1196,1,57,0,3,0,0.0,0,3,73.66666666666667,79
OpenHFT/Chronicle-Wire,1198,1,16,0,1,0,0.0,0,1,34.0,34
OpenHFT/Chronicle-Wire,1199,1,26,0,3,0,0.0,0,3,62.0,77
jdereg/java-util,145,1,65,2,3,0,0.0,0,3,53.666666666666664,69
OpenHFT/Chronicle-Wire,1000,1,75,1843,1,0,0.0,0,1,11.0,11
OpenHFT/Chronicle-Wire,1009,1,36,51,1,0,0.0,0,1,56.0,56
OpenHFT/Chronicle-Wire,1010,1,106,116,1,0,0.0,0,1,52.0,52
OpenHFT/Chronicle-Wire,1012,1,110,96,1,0,0.0,0,1,53.0,53
OpenHFT/Chronicle-Wire,1013,1,13,8,1,0,0.0,0,1,50.0,50
OpenHFT/Chronicle-Wire,1014,1,106,27,1,0,0.0,0,1,58.0,58
OpenHFT/Chronicle-Wire,1015,1,29,6,1,0,0.0,0,1,57.0,57
OpenHFT/Chronicle-Wire,1016,1,78,82,1,0,0.0,0,1,61.0,61
OpenHFT/Chronicle-Wire,1017,1,12,13,1,0,0.0,0,1,59.0,59
OpenHFT/Chronicle-Wire,1019,1,9,11,1,0,0.0,0,1,50.0,50
OpenHFT/Chronicle-Wire,1021,1,43,30,1,0,0.0,0,1,61.0,61
OpenHFT/Chronicle-Wire,1022,1,20,16,1,0,0.0,0,1,66.0,66
OpenHFT/Chronicle-Wire,1023,1,15,7,1,0,0.0,0,1,65.0,65
OpenHFT/Chronicle-Wire,1024,1,41,16,1,0,0.0,0,1,69.0,69
OpenHFT/Chronicle-Wire,1025,1,60,17,1,0,0.0,0,1,70.0,70
OpenHFT/Chronicle-Wire,1026,1,52,16,1,0,0.0,0,1,71.0,71
OpenHFT/Chronicle-Wire,1027,1,38,15,1,0,0.0,0,1,72.0,72
OpenHFT/Chronicle-Wire,1028,1,31,34,2,0,0.0,0,2,64.0,67
OpenHFT/Chronicle-Wire,1029,1,64,18,2,0,0.0,0,2,65.5,68
OpenHFT/Chronicle-Wire,1031,1,61,114,1,0,0.0,0,1,58.0,58
OpenHFT/Chronicle-Wire,1032,1,49,47,2,0,0.0,0,2,62.5,63
OpenHFT/Chronicle-Wire,1033,1,30,18,4,0,0.0,0,4,66.5,72
OpenHFT/Chronicle-Wire,1034,1,42,45,2,0,0.0,0,2,73.0,77
OpenHFT/Chronicle-Wire,1035,1,11,11,1,0,0.0,0,1,57.0,57
OpenHFT/Chronicle-Wire,1037,1,39,52,1,0,0.0,0,1,60.0,60
OpenHFT/Chronicle-Wire,1039,1,33,24,1,0,0.0,0,1,67.0,67
OpenHFT/Chronicle-Wire,1040,1,63,138,1,0,0.0,0,1,69.0,69
OpenHFT/Chronicle-Wire,1041,1,27,2,1,0,0.0,0,1,60.0,60
OpenHFT/Chronicle-Wire,1042,1,34,9,1,0,0.0,0,1,60.0,60
OpenHFT/Chronicle-Wire,1043,1,71,151,1,0,0.0,0,1,60.0,60
OpenHFT/Chronicle-Wire,1044,1,23,5,1,0,0.0,0,1,79.0,79
OpenHFT/Chronicle-Wire,1045,1,109,174,1,0,0.0,0,1,60.0,60
OpenHFT/Chronicle-Wire,1047,1,68,60,1,0,0.0,0,1,55.0,55
OpenHFT/Chronicle-Wire,1048,1,31,7,1,0,0.0,0,1,63.0,63
OpenHFT/Chronicle-Wire,1049,1,166,57,7,0,0.0,0,7,77.71428571428571,80
OpenHFT/Chronicle-Wire,1053,1,68,143,1,0,0.0,0,1,53.0,53
OpenHFT/Chronicle-Wire,1054,1,95,210,1,0,0.0,0,1,54.0,54
OpenHFT/Chronicle-Wire,1055,1,180,8,1,0,0.0,0,1,60.0,60
OpenHFT/Chronicle-Wire,1056,1,39,39,2,0,0.0,0,2,58.0,58
OpenHFT/Chronicle-Wire,1058,1,82,82,13,0,0.0,0,13,62.69230769230769,72
OpenHFT/Chronicle-Wire,1059,1,93,93,12,0,0.0,0,12,64.33333333333333,77
OpenHFT/Chronicle-Wire,1060,1,97,97,3,0,0.0,0,3,65.33333333333333,69
OpenHFT/Chronicle-Wire,1061,1,210,210,39,0,0.0,0,39,64.74358974358974,84
OpenHFT/Chronicle-Wire,1062,1,162,162,10,0,0.0,0,10,71.3,80
OpenHFT/Chronicle-Wire,1064,1,69,51,1,0,0.0,0,1,54.0,54
OpenHFT/Chronicle-Wire,1065,1,50,88,2,0,0.0,0,2,55.5,57
OpenHFT/Chronicle-Wire,1066,1,75,62,1,0,0.0,0,1,54.0,54
OpenHFT/Chronicle-Wire,1068,1,60,86,1,0,0.0,0,1,54.0,54
OpenHFT/Chronicle-Wire,1069,2,79,58,1,0,0.0,0,1,57.0,57
OpenHFT/Chronicle-Wire,1070,1,122,96,1,0,0.0,0,1,57.0,57
OpenHFT/Chronicle-Wire,1071,1,64,81,2,0,0.0,0,2,55.5,57
OpenHFT/Chronicle-Wire,1072,1,69,19,3,0,0.0,0,3,57.333333333333336,65
OpenHFT/Chronicle-Wire,1073,1,127,130,1,0,0.0,0,1,59.0,59
jdereg/java-util,341,1,43,1,4,0,0.0,0,4,37.0,64
jdereg/java-util,148,1,1,1,1,0,0.0,0,1,52.0,52
jdereg/java-util,217,2,25,1,2,0,0.0,0,2,38.5,65
jdereg/java-util,219,2,57,0,3,0,0.0,0,3,54.666666666666664,76
Stirling-Tools/Stirling-PDF,3555,2,8,4,3,0,2.0,1,3,71.0,77
Stirling-Tools/Stirling-PDF,3556,2,230,179,6,0,3.0,0,6,59.333333333333336,78
jdereg/json-io,347,2,115,74,1,0,0.0,0,1,62.0,62
jdereg/json-io,357,1,124,0,2,0,0.0,0,2,36.5,61
VerisimilitudeX/DNAnalyzer,538,3,42,7,4,1,0.0,0,4,54.5,64
jdereg/json-io,366,1,4,1,2,0,0.0,0,2,33.0,54
jdereg/json-io,415,1,7,2,2,0,0.0,0,2,38.0,64
jdereg/json-io,417,1,25,11,2,0,0.0,0,2,38.0,64
jdereg/java-util,144,1,25,2,2,0,0.0,0,2,54.0,56
jdereg/java-util,143,1,13,6,1,0,0.0,0,1,52.0,52
jdereg/java-util,142,1,1,1,1,0,0.0,0,1,60.0,60
jdereg/java-util,261,1,61,0,2,0,0.0,0,2,44.5,77
jdereg/java-util,265,2,37,2,5,0,0.0,0,5,49.0,82
jdereg/java-util,266,1,35,0,2,0,0.0,0,2,41.5,71
jdereg/java-util,271,1,24,0,2,0,0.0,0,2,47.0,82
SimonHalvdansson/Harmonic-HN,223,1,11,0,1,0,0.0,0,1,9.0,9
OpenHFT/Chronicle-Values,132,1,2,0,1,0,0.0,0,1,31.0,31
OpenHFT/Chronicle-Values,134,1,26,1,1,0,0.0,0,1,61.0,61
OpenHFT/Chronicle-Values,137,1,11,4,1,0,0.0,0,1,60.0,60
OpenHFT/Chronicle-Values,143,1,9,0,1,0,0.0,0,1,63.0,63
OpenHFT/Chronicle-Values,145,1,3,1,1,0,0.0,0,1,66.0,66
OpenHFT/Chronicle-Values,152,1,4,0,1,0,0.0,0,1,71.0,71
OpenHFT/Java-Runtime-Compiler,150,1,76,13,1,0,0.0,0,1,53.0,53
OpenHFT/Java-Runtime-Compiler,152,1,15,0,1,0,0.0,0,1,70.0,70
OpenHFT/Java-Runtime-Compiler,154,1,6,0,1,0,0.0,0,1,36.0,36
OpenHFT/Java-Runtime-Compiler,155,1,11,0,1,0,0.0,0,1,36.0,36
OpenHFT/Java-Runtime-Compiler,156,1,3,0,1,0,0.0,0,1,36.0,36
OpenHFT/Java-Runtime-Compiler,157,1,2,0,1,0,0.0,0,1,40.0,40
jdereg/java-util,338,1,14,50,4,0,0.0,0,4,10.75,12
jdereg/java-util,263,2,15,1,2,0,0.0,0,2,77.5,82
EduMIPS64/edumips64,1379,1,2,2,2,1,0.0,0,2,33.5,44
OpenHFT/Chronicle-Threads,292,1,33,0,1,0,0.0,0,1,61.0,61
jdereg/json-io,315,1,22,2,4,0,0.0,0,4,31.25,50
jdereg/java-util,157,1,27,1,2,0,0.0,0,2,57.0,59
jdereg/java-util,168,1,14,0,1,0,0.0,0,1,54.0,54
jdereg/json-io,393,1,4,1,2,0,0.0,0,2,30.0,48
jdereg/json-io,399,2,3,2,2,0,0.0,0,2,42.5,73
jdereg/json-io,400,1,2,1,2,0,0.0,0,2,41.0,70
jdereg/json-io,401,1,4,1,2,0,0.0,0,2,41.0,70
SimonHalvdansson/Harmonic-HN,213,1,7,4,1,0,0.0,0,1,72.0,72
jdereg/java-util,230,1,9,5,2,0,0.0,0,2,39.5,67
jdereg/java-util,237,1,6,4,2,0,0.0,0,2,39.5,67
jdereg/java-util,244,1,5,4,2,0,0.0,0,2,34.5,57
jdereg/java-util,250,2,3,1,2,0,0.0,0,2,32.0,52
VerisimilitudeX/DNAnalyzer,543,1,79,0,3,3,0.0,3,3,21.333333333333332,29
SimonHalvdansson/Harmonic-HN,215,1,5,0,1,0,0.0,0,1,67.0,67
OpenHFT/Chronicle-Core,766,1,30,2,1,0,0.0,0,1,75.0,75
OpenHFT/Chronicle-Core,771,1,18,2,1,0,0.0,0,1,63.0,63
OpenHFT/Chronicle-Core,775,1,38,54,1,0,0.0,0,1,66.0,66
OpenHFT/Chronicle-Core,776,1,32,3,1,0,0.0,0,1,63.0,63
OpenHFT/Chronicle-Core,777,1,22,37,2,0,0.0,0,2,69.5,73
OpenHFT/Chronicle-Core,779,1,66,51,2,0,0.0,0,2,64.5,70
OpenHFT/Chronicle-Core,781,1,11,8,1,0,0.0,0,1,73.0,73
OpenHFT/Chronicle-Core,784,1,4,4,1,0,0.0,0,1,81.0,81
OpenHFT/Chronicle-Core,785,1,14,2,1,0,0.0,0,1,82.0,82
OpenHFT/Chronicle-Core,789,1,21,2,1,0,0.0,0,1,69.0,69
OpenHFT/Chronicle-Core,795,2,17,70,3,0,0.0,0,3,47.0,71
OpenHFT/Chronicle-Core,797,1,64,67,5,0,0.0,0,5,52.0,60
OpenHFT/Chronicle-Core,808,1,43,89,7,0,0.0,0,7,36.142857142857146,52
OpenHFT/Chronicle-Core,809,1,52,21,1,0,0.0,0,1,21.0,21
OpenHFT/Chronicle-Core,811,1,37,0,1,0,0.0,0,1,31.0,31
jdereg/java-util,122,1,1,1,1,0,0.0,0,1,54.0,54
jdereg/java-util,124,1,6,5,2,0,0.0,0,2,54.5,57
jdereg/java-util,125,1,14,0,1,0,0.0,0,1,52.0,52
jdereg/java-util,128,1,17,10,1,0,0.0,0,1,52.0,52
EduMIPS64/edumips64,1378,1,7,1,2,1,0.0,0,2,54.5,62
jdereg/java-util,347,1,20,14,4,0,0.0,0,4,43.25,57
jdereg/java-util,221,2,27,1,2,0,0.0,0,2,44.0,76
jdereg/java-util,251,2,106,0,1,0,0.0,0,1,67.0,67
jdereg/java-util,151,1,16,0,1,0,0.0,0,1,60.0,60
jdereg/java-util,162,1,28,1,3,0,0.0,0,3,58.333333333333336,71
OpenHFT/Chronicle-Wire,1078,1,41,33,1,0,0.0,0,1,54.0,54
OpenHFT/Chronicle-Wire,1079,2,44,43,1,0,0.0,0,1,54.0,54
OpenHFT/Chronicle-Wire,1082,1,74,33,1,0,0.0,0,1,54.0,54
OpenHFT/Chronicle-Wire,1083,1,44,16,1,0,0.0,0,1,56.0,56
OpenHFT/Chronicle-Wire,1084,1,81,56,1,0,0.0,0,1,56.0,56
OpenHFT/Chronicle-Wire,1085,1,59,76,1,0,0.0,0,1,56.0,56
OpenHFT/Chronicle-Wire,1086,1,76,76,1,0,0.0,0,1,56.0,56
OpenHFT/Chronicle-Wire,1087,1,95,51,1,0,0.0,0,1,56.0,56
OpenHFT/Chronicle-Wire,1089,1,55,22,1,0,0.0,0,1,64.0,64
OpenHFT/Chronicle-Wire,1093,1,85,85,4,0,0.0,0,4,64.75,75
OpenHFT/Chronicle-Bytes,656,1,50,45,7,0,0.0,0,7,69.14285714285714,74
jdereg/java-util,220,1,255,0,1,0,0.0,0,1,64.0,64
xpinjection/test-driven-spring-boot,7,1,1,1,1,1,0.0,0,1,73.0,73
OpenHFT/Chronicle-Values,114,1,18,0,1,0,0.0,0,1,74.0,74
OpenHFT/Chronicle-Values,118,1,17,2,1,0,0.0,0,1,72.0,72
OpenHFT/Chronicle-Values,74,1,8,1,1,0,0.0,0,1,53.0,53
OpenHFT/Chronicle-Values,115,1,14,0,1,0,0.0,0,1,71.0,71
OpenHFT/Chronicle-Values,116,1,78,2,1,0,0.0,0,1,65.0,65
OpenHFT/Chronicle-Core,787,1,30,0,1,0,0.0,0,1,63.0,63
OpenHFT/Chronicle-Core,796,1,7,0,1,0,0.0,0,1,58.0,58
OpenHFT/Chronicle-Core,800,1,56,0,1,0,0.0,0,1,42.0,42
OpenHFT/Chronicle-Core,801,1,55,0,1,0,0.0,0,1,52.0,52
OpenHFT/Chronicle-Core,802,1,26,0,1,0,0.0,0,1,43.0,43
OpenHFT/Chronicle-Core,803,1,21,0,1,0,0.0,0,1,39.0,39
OpenHFT/Chronicle-Core,804,1,22,0,1,0,0.0,0,1,48.0,48
OpenHFT/Chronicle-Core,805,1,72,0,1,0,0.0,0,1,41.0,41
OpenHFT/Chronicle-Core,806,1,62,0,1,0,0.0,0,1,45.0,45
EduMIPS64/edumips64,1380,1,208,106,3,2,0.0,0,3,46.666666666666664,66
jdereg/json-io,321,1,10,4,2,0,0.0,0,2,36.5,61
OpenHFT/Chronicle-Values,73,1,5,0,1,0,0.0,0,1,55.0,55
OpenHFT/Chronicle-Values,81,1,32,0,1,0,0.0,0,1,60.0,60
OpenHFT/Chronicle-Values,83,1,41,1,1,0,0.0,0,1,65.0,65
OpenHFT/Chronicle-Values,84,1,21,0,1,0,0.0,0,1,62.0,62
OpenHFT/Chronicle-Values,85,1,47,0,1,0,0.0,0,1,62.0,62
OpenHFT/Chronicle-Values,86,1,63,1,1,0,0.0,0,1,58.0,58
OpenHFT/Chronicle-Values,90,1,11,0,1,0,0.0,0,1,71.0,71
OpenHFT/Chronicle-Values,91,1,16,1,1,0,0.0,0,1,82.0,82
OpenHFT/Chronicle-Values,93,1,244,1,1,0,0.0,0,1,63.0,63
OpenHFT/Chronicle-Values,96,1,26,1,1,0,0.0,0,1,59.0,59
OpenHFT/Chronicle-Values,97,1,22,0,1,0,0.0,0,1,73.0,73
OpenHFT/Chronicle-Values,98,1,35,0,1,0,0.0,0,1,73.0,73
OpenHFT/Chronicle-Values,99,1,31,0,1,0,0.0,0,1,65.0,65
OpenHFT/Chronicle-Values,100,1,43,0,1,0,0.0,0,1,82.0,82
OpenHFT/Chronicle-Values,101,1,31,0,1,0,0.0,0,1,58.0,58
OpenHFT/Chronicle-Values,102,1,33,0,1,0,0.0,0,1,57.0,57
OpenHFT/Chronicle-Values,103,1,3,0,1,0,0.0,0,1,64.0,64
OpenHFT/Chronicle-Values,105,1,30,0,1,0,0.0,0,1,60.0,60
OpenHFT/Chronicle-Values,106,1,24,0,1,0,0.0,0,1,63.0,63
OpenHFT/Chronicle-Values,107,1,36,0,1,0,0.0,0,1,57.0,57
OpenHFT/Chronicle-Values,108,1,8,3,1,0,0.0,0,1,55.0,55
OpenHFT/Chronicle-Values,110,1,38,0,1,0,0.0,0,1,71.0,71
OpenHFT/Chronicle-Values,111,1,18,1,1,0,0.0,0,1,71.0,71
OpenHFT/Chronicle-Values,112,1,102,0,1,0,0.0,0,1,66.0,66
OpenHFT/Chronicle-Values,113,1,6,0,1,0,0.0,0,1,74.0,74
OpenHFT/Chronicle-Values,117,1,19,0,1,0,0.0,0,1,70.0,70
OpenHFT/Chronicle-Values,119,1,16,2,1,0,0.0,0,1,74.0,74
OpenHFT/Chronicle-Values,120,1,9,0,1,0,0.0,0,1,73.0,73
OpenHFT/Chronicle-Values,121,1,18,0,1,0,0.0,0,1,75.0,75
OpenHFT/Chronicle-Values,122,1,2,1,1,0,0.0,0,1,77.0,77
OpenHFT/Chronicle-Values,124,1,61,1,1,0,0.0,0,1,64.0,64
OpenHFT/Chronicle-Values,126,1,9,1,1,0,0.0,0,1,55.0,55
OpenHFT/Chronicle-Values,127,1,25,0,1,0,0.0,0,1,68.0,68
OpenHFT/Chronicle-Values,128,1,4,0,1,0,0.0,0,1,55.0,55
OpenHFT/Chronicle-Values,129,1,6,0,1,0,0.0,0,1,63.0,63
OpenHFT/Chronicle-Core,810,1,35,18,1,0,0.0,0,1,40.0,40
OpenHFT/Java-Thread-Affinity,172,1,5,0,1,0,0.0,0,1,62.0,62
jdereg/java-util,359,1,10,11,2,0,0.0,0,2,32.5,53
apache/pinot,16085,7,397,36,5,1,5.0,3,5,65.4,70
OpenHFT/Chronicle-Core,744,1,74,40,9,0,0.0,0,9,71.11111111111111,82
OpenHFT/Chronicle-Core,748,1,57,43,8,0,0.0,0,8,55.125,70
OpenHFT/Chronicle-Core,751,1,46,10,1,0,0.0,0,1,75.0,75
OpenHFT/Chronicle-Core,753,1,8,8,1,0,0.0,0,1,64.0,64
OpenHFT/Chronicle-Core,754,1,13,8,1,0,0.0,0,1,60.0,60
OpenHFT/Chronicle-Core,767,1,14,5,1,0,0.0,0,1,67.0,67
OpenHFT/Chronicle-Core,770,1,60,37,2,0,0.0,0,2,64.5,67
OpenHFT/Chronicle-Core,778,1,44,23,1,0,0.0,0,1,69.0,69
OpenHFT/Chronicle-Core,780,1,24,10,1,0,0.0,0,1,68.0,68
jdereg/java-util,282,1,3,0,2,0,0.0,0,2,35.5,59
jdereg/java-util,283,1,6,3,2,0,0.0,0,2,47.0,82
jdereg/java-util,286,1,65,1,4,0,0.0,0,4,45.25,64
jdereg/java-util,288,1,2,1,2,0,0.0,0,2,38.0,64
OpenHFT/Chronicle-Logger,146,1,11,0,1,0,0.0,0,1,76.0,76
OpenHFT/Chronicle-Logger,150,1,143,0,1,0,0.0,0,1,82.0,82
OpenHFT/Chronicle-Logger,153,1,13,0,1,0,0.0,0,1,78.0,78
OpenHFT/Chronicle-Logger,155,1,24,0,1,0,0.0,0,1,79.0,79
OpenHFT/Chronicle-Logger,158,1,143,88,1,0,0.0,0,1,78.0,78
OpenHFT/Chronicle-Logger,161,1,25,0,1,0,0.0,0,1,87.0,87
OpenHFT/Chronicle-Logger,162,1,26,0,1,0,0.0,0,1,95.0,95
OpenHFT/Chronicle-Logger,163,1,21,0,1,0,0.0,0,1,96.0,96
OpenHFT/Chronicle-Logger,164,1,24,0,1,0,0.0,0,1,77.0,77
OpenHFT/Chronicle-Logger,165,1,25,0,1,0,0.0,0,1,77.0,77
OpenHFT/Chronicle-Logger,167,1,29,0,1,0,0.0,0,1,85.0,85
OpenHFT/Chronicle-Logger,168,1,29,0,1,0,0.0,0,1,79.0,79
OpenHFT/Chronicle-Logger,169,1,31,9,1,0,0.0,0,1,78.0,78
OpenHFT/Chronicle-Logger,179,1,6,0,1,0,0.0,0,1,65.0,65
OpenHFT/Chronicle-Logger,180,1,4,2,1,0,0.0,0,1,65.0,65
OpenHFT/Chronicle-Logger,184,1,10,0,1,0,0.0,0,1,73.0,73
OpenHFT/Chronicle-Logger,186,1,7,0,1,0,0.0,0,1,61.0,61
OpenHFT/Chronicle-Logger,187,1,7,0,1,0,0.0,0,1,74.0,74
OpenHFT/Chronicle-Logger,188,1,12,8,1,0,0.0,0,1,85.0,85
OpenHFT/Chronicle-Logger,190,1,11,0,1,0,0.0,0,1,54.0,54
OpenHFT/Chronicle-Logger,191,1,10,0,1,0,0.0,0,1,105.0,105
OpenHFT/Chronicle-Logger,193,1,10,0,1,0,0.0,0,1,98.0,98
OpenHFT/Chronicle-Core,813,1,12,6,1,0,0.0,0,1,53.0,53
OpenHFT/Chronicle-Core,814,1,15,9,2,0,0.0,0,2,59.0,65
jdereg/java-util,358,1,37,42,3,0,0.0,0,3,25.666666666666668,53
Stirling-Tools/Stirling-PDF,3621,1,2,2,1,0,3.0,0,1,85.0,85
jdereg/java-util,201,1,93,0,11,0,0.0,0,11,47.36363636363637,62
jdereg/java-util,346,1,11,1,3,0,0.0,0,3,11.0,12
jdereg/json-io,412,1,12,6,3,0,0.0,0,3,11.333333333333334,13
jdereg/java-util,321,1,47,0,2,0,0.0,0,2,37.0,62
jdereg/java-util,322,2,43,2,2,0,0.0,0,2,33.5,55
jdereg/java-util,118,1,14,6,2,0,0.0,0,2,57.0,59
xpinjection/test-driven-spring-boot,8,1,1,1,1,1,0.0,0,1,75.0,75
xpinjection/test-driven-spring-boot,9,1,1,1,1,1,0.0,0,1,9.0,9
jdereg/json-io,375,1,2,1,2,0,0.0,0,2,37.5,63
jdereg/json-io,376,1,2,1,2,0,0.0,0,2,37.5,63
jdereg/json-io,377,1,16,3,3,0,0.0,0,3,29.333333333333332,50
jdereg/json-io,379,1,35,2,4,0,0.0,0,4,40.0,63
jdereg/json-io,380,1,4,1,2,0,0.0,0,2,30.0,48
jdereg/json-io,381,1,2,1,2,0,0.0,0,2,30.5,49
jdereg/json-io,382,2,4,14,2,0,0.0,0,2,31.0,50
jdereg/json-io,383,1,1,0,1,0,0.0,0,1,61.0,61
VerisimilitudeX/DNAnalyzer,536,3,477,199,10,1,0.0,0,10,44.9,55
VerisimilitudeX/DNAnalyzer,540,2,8,0,3,1,0.0,0,3,36.0,55
OpenHFT/Chronicle-Logger,182,1,22,89,1,0,0.0,0,1,59.0,59
OpenHFT/Chronicle-Logger,192,1,8,0,1,0,0.0,0,1,86.0,86
jdereg/java-util,305,1,3,1,2,0,0.0,0,2,46.5,81
jdereg/java-util,323,1,47,0,2,0,0.0,0,2,46.0,80
jdereg/java-util,324,1,11,28,2,0,0.0,0,2,37.0,62
jdereg/json-io,392,1,80,0,2,0,0.0,0,2,38.5,65
OpenHFT/Chronicle-Logger,176,1,1,0,1,0,0.0,0,1,88.0,88
jdereg/java-util,186,2,108,31,3,0,0.0,0,3,26.333333333333332,55
jdereg/java-util,189,1,27,13,4,0,0.0,0,4,34.25,57
jdereg/java-util,190,2,58,0,2,0,0.0,0,2,33.5,55
jdereg/java-util,191,1,48,27,4,0,0.0,0,4,35.5,61
jdereg/java-util,192,2,108,72,2,0,0.0,0,2,34.5,57
jdereg/java-util,193,2,80,20,4,0,0.0,0,4,32.5,55
jdereg/java-util,194,1,10,8,2,0,0.0,0,2,35.5,59
jdereg/java-util,198,1,109,73,15,0,0.0,0,15,54.2,73
kongzue/DialogX,502,1,16,1,2,0,0.0,0,2,71.0,73
jdereg/java-util,328,1,27,0,2,0,0.0,0,2,35.0,58
operaton/operaton,1001,1,358,377,16,2,4.0,1,16,100.25,136
jdereg/json-io,312,1,68,18,2,0,0.0,0,2,38.5,65
OpenHFT/Java-Thread-Affinity,157,1,10,8,2,0,0.0,0,2,63.0,65
jdereg/java-util,356,2,4,2,2,0,0.0,0,2,40.0,68
jdereg/java-util,357,1,14,2,2,0,0.0,0,2,34.0,56
jdereg/java-util,276,1,1,16,2,0,0.0,0,2,41.5,71
VerisimilitudeX/DNAnalyzer,537,3,86,26,4,1,0.0,0,4,33.5,53
jdereg/java-util,278,1,41,0,2,0,0.0,0,2,46.0,80
jdereg/java-util,281,1,24,0,2,0,0.0,0,2,43.0,74
jdereg/java-util,325,1,114,35,4,0,0.0,0,4,34.0,58
operaton/operaton,912,2,107,333,17,1,2.0,1,17,101.17647058823529,120
OpenHFT/Chronicle-Threads,327,1,38,35,1,0,0.0,0,1,39.0,39
OpenHFT/Chronicle-Values,61,1,11,12,1,0,0.0,0,1,9.0,9
OpenHFT/Chronicle-Values,64,1,22,21,10,0,0.0,0,10,59.1,77
OpenHFT/Chronicle-Values,66,1,36,16,1,0,0.0,0,1,58.0,58
OpenHFT/Chronicle-Values,70,1,54,0,3,0,0.0,0,3,63.333333333333336,67
OpenHFT/Chronicle-Values,71,1,15,12,2,0,0.0,0,2,32.0,53
OpenHFT/Chronicle-Values,82,1,34,0,1,0,0.0,0,1,63.0,63
OpenHFT/Chronicle-Values,88,1,24,2,1,0,0.0,0,1,60.0,60
OpenHFT/Chronicle-Values,65,1,8,2,1,0,0.0,0,1,54.0,54
OpenHFT/Chronicle-Values,67,1,33,0,1,0,0.0,0,1,58.0,58
OpenHFT/Chronicle-Values,68,1,24,17,1,0,0.0,0,1,59.0,59
OpenHFT/Chronicle-Values,75,1,23,0,2,0,0.0,0,2,32.0,53
OpenHFT/Chronicle-Values,77,1,12,5,1,0,0.0,0,1,77.0,77
OpenHFT/Chronicle-Values,79,1,34,4,1,0,0.0,0,1,64.0,64
OpenHFT/Chronicle-Values,80,1,24,0,1,0,0.0,0,1,53.0,53
OpenHFT/Chronicle-Values,87,1,27,0,1,0,0.0,0,1,66.0,66
OpenHFT/Chronicle-Values,89,1,39,0,1,0,0.0,0,1,67.0,67
OpenHFT/Chronicle-Values,94,1,17,1,1,0,0.0,0,1,62.0,62
OpenHFT/Chronicle-Values,95,1,32,1,1,0,0.0,0,1,65.0,65
OpenHFT/Java-Runtime-Compiler,151,1,49,5,1,0,0.0,0,1,57.0,57
OpenHFT/Java-Runtime-Compiler,161,1,89,9,1,0,0.0,0,1,54.0,54
jdereg/java-util,202,1,30,5,2,0,0.0,0,2,10.5,12
xpinjection/test-driven-spring-boot,14,1,0,0,0,0,0.0,0,0,0.0,0
OpenHFT/Chronicle-Values,63,1,8,7,1,0,0.0,0,1,53.0,53
OpenHFT/Java-Thread-Affinity,153,1,210,0,9,0,0.0,0,9,53.111111111111114,89
OpenHFT/Java-Thread-Affinity,159,1,21,4,1,0,0.0,0,1,57.0,57
OpenHFT/Chronicle-Core,761,4,0,6,1,0,0.0,0,1,67.0,67
OpenHFT/Chronicle-Core,762,1,13,4,2,0,0.0,0,2,65.0,67
OpenHFT/Chronicle-Core,769,1,16,9,2,0,0.0,0,2,81.0,82
OpenHFT/Chronicle-Core,772,1,23,0,1,0,0.0,0,1,65.0,65
OpenHFT/Chronicle-Core,783,1,16,10,1,0,0.0,0,1,64.0,64
jdereg/json-io,320,1,43,2,5,0,0.0,0,5,21.0,46
jdereg/java-util,291,1,49,0,2,0,0.0,0,2,43.0,74
jdereg/java-util,295,1,3,2,2,0,0.0,0,2,43.0,74
jdereg/java-util,296,1,5,1,3,0,0.0,0,3,27.0,57
jdereg/java-util,297,1,7,3,2,0,0.0,0,2,38.0,64
jdereg/java-util,298,1,5,1,2,0,0.0,0,2,43.0,74
jdereg/json-io,323,2,32,3,2,0,0.0,0,2,44.0,76
jdereg/json-io,324,1,69,0,2,0,0.0,0,2,45.5,79
jdereg/json-io,327,1,60,0,2,0,0.0,0,2,45.5,79
jdereg/json-io,354,2,30,1,2,0,0.0,0,2,45.5,79
jdereg/json-io,355,1,48,0,2,0,0.0,0,2,44.0,76
jdereg/json-io,361,1,46,0,2,0,0.0,0,2,40.0,68
jdereg/json-io,362,1,42,0,2,0,0.0,0,2,40.0,68
jdereg/json-io,364,2,30,2,2,0,0.0,0,2,33.0,54
jdereg/json-io,370,1,28,0,2,0,0.0,0,2,39.5,67
jdereg/json-io,372,1,43,0,2,0,0.0,0,2,38.5,65
jdereg/json-io,373,1,99,0,2,0,0.0,0,2,37.0,62
jdereg/json-io,390,1,101,0,2,0,0.0,0,2,38.5,65
jdereg/json-io,391,1,123,0,2,0,0.0,0,2,39.5,67
jdereg/json-io,397,2,137,1,2,0,0.0,0,2,42.5,73
jdereg/json-io,404,1,18,0,2,0,0.0,0,2,37.0,62
jdereg/json-io,406,2,14,2,2,0,0.0,0,2,36.5,61
jdereg/json-io,410,1,82,0,2,0,0.0,0,2,36.5,61
jdereg/json-io,363,1,23,0,2,0,0.0,0,2,35.0,58
jdereg/json-io,365,1,178,0,2,0,0.0,0,2,36.5,61
jdereg/json-io,367,1,57,0,2,0,0.0,0,2,38.0,64
jdereg/json-io,368,2,14,1,2,0,0.0,0,2,33.5,55
jdereg/json-io,369,1,34,0,2,0,0.0,0,2,40.0,68
jdereg/json-io,371,2,60,1,2,0,0.0,0,2,41.5,71
jdereg/json-io,374,1,177,0,2,0,0.0,0,2,37.5,63
OpenHFT/Java-Thread-Affinity,158,1,30,12,5,0,0.0,0,5,65.4,72
OpenHFT/Java-Thread-Affinity,160,1,1,1,1,0,0.0,0,1,61.0,61
lunasaw/gb28181-proxy,38,2,2184,50,11,0,0.0,0,11,57.90909090909091,89
datahub-project/datahub,14019,6,6,147,23,3,0.0,0,23,64.73913043478261,87
sakaiproject/sakai,13874,1,1,1,1,0,7.0,6,1,96.0,96
StarRocks/starrocks,61224,4,478,0,3,7,4.0,1,3,18.333333333333332,28
StarRocks/starrocks,61227,2,21,21,1,4,2.0,0,1,106.0,106
lunasaw/gb28181-proxy,40,1,510,0,1,0,0.0,0,1,19.0,19
datahub-project/datahub,13958,3,38,36,18,3,3.0,0,18,71.38888888888889,94
datahub-project/datahub,14016,1,6,18,6,3,0.0,0,6,41.0,50
datahub-project/datahub,14017,2,10,10,5,4,2.0,0,5,20.6,40
sakaiproject/sakai,13875,5,34,27,1,0,0.0,0,1,96.0,96
domaframework/doma,1322,108,2014,404,99,1,0.0,0,99,62.525252525252526,90
